{
    "1": {
        "Min": 0.0,
        "Max": 0.15,
        "Decriptor": "Project Good to go",
        "Definition": "All good to go"
    },
    "2": {
        "Min": 0.15,
        "Max": 0.3,
        "Decriptor": "Minor Issues",
        "Definition": "Acceptable Risk"
    },
    "3": {
        "Min": 0.3,
        "Max": 0.6,
        "Decriptor": "Moderate Issues",
        "Definition": "Management Action is Required"
    },
    "4": {
        "Min": 0.6,
        "Max": 0.8,
        "Decriptor": "Major Issues",
        "Definition": "Senior Management Action is required"
    },
    "5": {
        "Min": 0.8,
        "Max": 1.0,
        "Decriptor": "Complete Failure",
        "Definition": "Your Project is in Danger of Immediate Failure"
    }
}