[{"ID":1,"Factors":"Accuracy of Reporting\nDuplication","Groups":"Precise reports\nStreamlined processes","Sub Groups":"Data Security, Quality and Privacy\nStreamlined processes","Catergories":"Reporting Systems\nRedundancy Management","Sub Catergories":"Application\nApplication","Extracts":"NSW Health is changing how it does things to meet challenges. They're putting in a big program to fix clinical, corporate, and tech stuff. Getting the right IT tools is key to making sure these changes last. Before, they had a mess of different systems which made things harder and more expensive. Plus, some of their systems are ancient and hard to support"},{"ID":2,"Factors":"Disparate systems","Groups":"Unified platform","Sub Groups":"Operational Effectiveness and Efficiency","Catergories":"Legacy Systems","Sub Catergories":"Infrastructure","Extracts":"Because of all this, it's hard to share patient info and coordinate care properly. Managers struggle to get accurate info on how well the systems are doing. And keeping them running costs a lot of money."},{"ID":3,"Factors":"Outdated infrastructure","Groups":"Modernization","Sub Groups":"Infrastructure and Hardware Management","Catergories":"Legacy Replacement","Sub Catergories":"Infrastructure","Extracts":"This setup could harm the long-term success of the Clinical Services Redesign and Corporate Shared Services. So, they're reshaping the ICT program to fit these reforms better. They're aiming to connect scattered information and tech and quickly support both clinical and corporate changes."},{"ID":4,"Factors":"Fragmentation\nOutdated systems\nCompatibility","Groups":"Centralized management\nUpgrades\nStandard protocols","Sub Groups":"Compliance and Governance\nUpgrades\nStandard protocols","Catergories":"System Silos\nSystem Modernization\nSystem Interoperability","Sub Catergories":"Infrastructure\nInfrastructure\nInfrastructure","Extracts":"Back in 2000, the Integrated Clinical Information Program (ICIP) started based on advice from the NSW Health Council. Its goal is to fix the problems with a clear plan. The idea is to give essential clinical features to all of NSW. They've already made big strides in setting up patient administration, clinical, and corporate systems"},{"ID":5,"Factors":"Alignment\nEffectiveness\nIntegration\nSustainability\nCompliance","Groups":"Strategic fit\nPerformance review\nSystem unification\nGreen practices\nRegulatory adherence","Sub Groups":"Business Alignment\nPerformance review\nSystem unification\nGreen practices\nRegulatory adherence","Catergories":"Strategic Planning\nKPIs and Metrics\nSystems Integration\nSustainability Planning\nPolicy & Regulation","Sub Catergories":"Business\nBusiness\nInfrastructure\nBusiness\nBusiness","Extracts":"Clinical Systems Strategy\nCorporate Systems Strategy\nBusiness Information Strategy\nSustainable Infrastructure Strategy\nWhole of Government ICT Strategic Directions"},{"ID":6,"Factors":"Access to information\nConsistency\nPredictability","Groups":"User portals\nStandard procedures\nForecasting models","Sub Groups":"Data and Information Management\nStandard procedures\nForecasting models","Catergories":"Data Management\nStandards Adherence\nDemand Modeling","Sub Catergories":"Application\nApplication\nBusiness","Extracts":"They're making care safer and better by giving clinicians the info they need and setting up systems for consistent, predictable processes across the state."},{"ID":7,"Factors":"Collaboration\nInteroperability\nInformation flow","Groups":"Teamwork tools\nAPI integration\nData pipelines","Sub Groups":"Collaboration and Communication\nAPI integration\nData pipelines","Catergories":"Stakeholder Engagement\nStandards-based Integration\nWorkflow Management","Sub Catergories":"Business\nInfrastructure\nApplication","Extracts":"They're improving teamwork among health agencies in NSW, as well as with private companies and nationally, so everyone can work together better. This means info flows more smoothly, helping patients and making things more efficient."},{"ID":8,"Factors":"Efficient structures\nSystem deployment & Integration\nSustainability\nMinimizing impact\nStreamlined training processes","Groups":"Lean management\nProject management\nGreen practices\nMitigation strategies\nE-learning","Sub Groups":"Program and Project Management\nProject management\nGreen practices\nMitigation strategies\nE-learning","Catergories":"Lean Architecture\nDeployment Planning\nSustainability Planning\nRisk Mitigation\nTraining Programs","Sub Catergories":"Infrastructure\nInfrastructure\nBusiness\nBusiness\nApplication","Extracts":"They're expecting to save a lot of money by setting up new structures and ways of doing things. By rolling out key programs quickly, they'll spend less on managing projects, and they can piggyback on existing changes to save even more. This also means less disruption for clinicians and patients and less money spent on training."},{"ID":9,"Factors":"Support for users\nAlignment with initiatives\nCost savings","Groups":"User training\nGoal alignment\nExpense reduction","Sub Groups":"Consumer Experience and Support\nGoal alignment\nExpense reduction","Catergories":"End-User Support\nProgram Governance\nCost Efficiency","Sub Catergories":"Application\nBusiness\nBusiness","Extracts":"The ICT Strategy is built on three main ideas:\nBetter support for clinicians and patient care.\nAligning with big NSW Health plans.\nSaving a lot of money.\n\nThese ideas guide five key objectives:\nUsing ICT to drive big changes in clinical care.\nCutting down on duplicated admin systems and costs.\nProviding top-notch info to everyone in the organization.\nSetting up a flexible ICT system that supports both clinical and corporate reforms.\nManaging ICT in a smart, coordinated way to get the most out of the investment."},{"ID":10,"Factors":"ICT Alignment\nGovernance\nInvestment plans\nBusiness strategy","Groups":"IT strategy\nPolicy framework\nCapital allocation\nMarket analysis","Sub Groups":"Business Alignment\nPolicy framework\nCapital allocation\nMarket analysis","Catergories":"IT-Business Alignment\nProgram Oversight\nCapital Planning\nStrategic Planning","Sub Catergories":"Business\nBusiness\nBusiness\nBusiness","Extracts":"ICT Asset Management Strategy\nNSW Health's Enterprise Architecture, which covers:\nClinical Systems Architecture\nCorporate Systems Architecture and Strategy\nBusiness Information Strategy\nInfrastructure Strategy\nIntegration Architecture Strategy\nICT Governance Framework\nICT Portfolio Management and Program of Work\nICT Investment Plan for 2006-2017."},{"ID":11,"Factors":"ICT Alignment\nRisk Identification\nDependency","Groups":"IT strategy\nRisk assessment\nContingency planning","Sub Groups":"Business Alignment\nRisk assessment\nContingency planning","Catergories":"IT-Business Alignment\nRisk Management Tools\nSystem Dependencies","Sub Catergories":"Business\nBusiness\nInfrastructure","Extracts":"From the RSP:\nThey've picked out results and services that rely on ICT assets.\nThey've identified risks related to ICT assets that could affect service delivery.\nThey've pinpointed services and measures that hinge on ICT assets working properly.\n\nFrom the NSW Health Corporate Plan:\nThey've considered the overall vision for the community.\nThey've outlined how NSW Health will contribute to this vision.\nThey've focused on strategies to achieve goals, along with potential risks.\nThey've set up ways to measure performance and ensure targets are met.\nThey've looked at the costs involved in reaching the vision and meeting targets."},{"ID":12,"Factors":"Evaluation criteria","Groups":"Performance metrics","Sub Groups":"Consumer Experience and Support","Catergories":"Project Metrics","Sub Catergories":"Business","Extracts":"    Contribution to major service reform agendas and alignment with planned NSW Health priorities and plans.\n    Support for the patient journey across different care settings and improvement of healthcare quality and safety for a large number of people.\n    Ability to enhance efficiency and effectiveness in healthcare delivery and workforce utilization.\n    Adherence to state ICT strategic planning requirements.\n    Potential to generate a positive return on investment."},{"ID":13,"Factors":"Inclusion\nReplacement\nProcurement","Groups":"Diversity programs\nSystem swaps\nVendor management","Sub Groups":"Data and Information Management\nSystem swaps\nVendor management","Catergories":"Equity\nSystem Upgrade\nVendor Management","Sub Catergories":"Business\nInfrastructure\nBusiness","Extracts":"They should only add new projects to their investment plan. When it's time to replace old systems, they can handle it through contracts with vendors."},{"ID":14,"Factors":"Implementation timeline\nSystems implementation\nSupport for Consumers\nManagement information","Groups":"Schedule adherence\nRollout plan\nCustomer service\nBI systems","Sub Groups":"Future Planning and System Demand\nRollout plan\nCustomer service\nBI systems","Catergories":"Scheduling\nImplementation Planning\nService Desk\nMIS Systems","Sub Catergories":"Business\nApplication\nApplication\nApplication","Extracts":"By 2011, they plan to have core clinical and corporate systems set up across NSW. This will help patients move through the healthcare system smoothly and ensure efficient management. Implementing the ICT Strategy will bring benefits to patients, clinicians, departments, hospitals, areas, and the whole state."},{"ID":15,"Factors":"Collaboration\nConsumer support\nEmployee management","Groups":"Teamwork tools\nHelpdesk\nHR systems","Sub Groups":"Collaboration and Communication\nHelpdesk\nHR systems","Catergories":"Stakeholder Engagement\nHelpdesk \/ User Services\nHR Systems","Sub Catergories":"Business\nApplication\nApplication","Extracts":"For patients and clinicians, the goal is to have a complete picture of the patient's health history. This way, all healthcare providers can work together effectively, knowing each other's roles and contributions. Corporate systems also support this by giving a clear view of employees, making sure care is delivered smoothly"},{"ID":16,"Factors":"User optimization\nInformation accessibility\nTime efficiency","Groups":"UX design\nOpen data\nTime tracking","Sub Groups":"Consumer Experience and Support\nOpen data\nTime tracking","Catergories":"Personalization\nOpen Access\nAutomation","Sub Catergories":"Application\nApplication\nApplication","Extracts":"The strategy benefits patients by ensuring clinicians have all the information they need for optimal care, easily accessible whenever and wherever it's needed. This saves clinicians time by reducing the need to search for information or repeat tests unnecessarily, giving them more time for direct patient care."},{"ID":17,"Factors":"Resource management\nCapacity optimization\nPlanning","Groups":"Asset allocation\nUtilization metrics\nRoadmap creation","Sub Groups":"Resource Management and Utilization\nUtilization metrics\nRoadmap creation","Catergories":"Resource Allocation Tools\nPerformance Tuning\nStrategic Planning","Sub Catergories":"Business\nInfrastructure\nBusiness","Extracts":"Nursing Unit Manager (NUM) can plan patient care better when they know all the demands and resources. This includes patients from the emergency room, post-surgery, and transfers, as well as available beds and staff skills."},{"ID":18,"Factors":"Integrated analysis & System outcome indicators\nResource availability\nFinancial management","Groups":"BI dashboards\nInventory tracking\nAccounting software","Sub Groups":"Compliance and Governance\nInventory tracking\nAccounting software","Catergories":"Analytics Framework\nWorkforce \/ Budget\nBudgeting Systems","Sub Catergories":"Data\nBusiness\nBusiness","Extracts":"At hospital, area, and department executive levels, having a complete portfolio lets them look at health outcomes, service demand, resources, performance, and finances all together."},{"ID":19,"Factors":"Priority areas & Resource allocation\nFunding availability\nCore function delivery & Urgent issue resolution","Groups":"Strategic planning\nBudgeting\nCrisis management","Sub Groups":"Risk Identification and Management\nBudgeting\nCrisis management","Catergories":"Resource Prioritization\nFunding Sources\nCore Services","Sub Catergories":"Business\nBusiness\nApplication","Extracts":"The ICT Strategy focuses on key areas and will address them as resources allow. Other initiatives will only be added if they don't affect these core functions or if there's an urgent need."},{"ID":20,"Factors":"Workflow improvement\nDecision support\nResource management\nInformation accessibility","Groups":"Process optimization\nAI tools\nAsset allocation\nOpen data","Sub Groups":"Operational Effectiveness and Efficiency\nAI tools\nAsset allocation\nOpen data","Catergories":"Business Process Management\nDecision Support Systems\nResource Allocation Tools\nOpen Access","Sub Catergories":"Application\nApplication\nBusiness\nApplication","Extracts":"By 2011, clinical departments will have improved systems for workflow, decision-making support, and accessing necessary information. This helps clinicians make better decisions for patients, leading to safer care"},{"ID":21,"Factors":"Integration of core systems\nInformation accessibility\nResource management","Groups":"Middleware\nOpen data\nAsset allocation","Sub Groups":"System Deployment and Integration\nOpen data\nAsset allocation","Catergories":"Core Platform Integration\nOpen Access\nResource Allocation Tools","Sub Catergories":"Infrastructure\nApplication\nBusiness","Extracts":"Integrated hospital systems mean information is collected once and available to all, reducing handover issues and improving resource management for smoother patient care."},{"ID":22,"Factors":"Integration of systems\nInformation accessibility\nResource management\nStandardized information\nCollaboration","Groups":"System merger\nOpen data\nAsset allocation\nData governance\nTeamwork tools","Sub Groups":"System Deployment and Integration\nOpen data\nAsset allocation\nData governance\nTeamwork tools","Catergories":"Unified Platforms\nOpen Access\nResource Allocation Tools\nData Standards\nStakeholder Engagement","Sub Catergories":"Infrastructure\nApplication\nBusiness\nData\nBusiness","Extracts":"The ICT Strategy aims to improve patient care by giving Nursing Unit Managers better information to plan and care for patients, helping hospital executives manage resources and performance, making it easier for departments to access important info and make decisions, integrating key systems across hospitals for smoother patient care, and standardizing information across regions to manage resources and patient transfers more effectively"},{"ID":23,"Factors":"Systems implementation\nStandardized information access\nResource utilization\nManagement of future demand","Groups":"Rollout plan\nUniform interfaces\nEfficient usage\nForecasting","Sub Groups":"System Deployment and Integration\nUniform interfaces\nEfficient usage\nForecasting","Catergories":"Implementation Planning\nUniversal Access\nUtilization Metrics\nDemand Forecasting","Sub Catergories":"Application\nApplication\nBusiness\nBusiness","Extracts":"Rolling out core systems across NSW will have big benefits. Everyone gains, but it's best when the whole state uses them. Standardized info will help NSW Health meet goals by improving patient care, ensuring timely access to services, and better coordination in the health system. Accurate data will help use resources better and manage future needs."},{"ID":24,"Factors":"Increased services demand\nService delivery\nSystem projections","Groups":"Scalability\nOperational efficiency\nFutureproofing","Sub Groups":"Data and Information Management\nOperational efficiency\nFutureproofing","Catergories":"Scalability\nService Design\nFuture Planning","Sub Catergories":"Infrastructure\nApplication\nBusiness","Extracts":"A steady increase in demand for services is expected due to an aging population. In NSW, the number of people over 65 is growing quickly. Each year from 2012 to 2028, the percentage of older Australians is projected to rise by over 0.35 points annually, which is about four times the long-term average increase."},{"ID":25,"Factors":"Staff shortages\nCritical areas\nUser capacity","Groups":"Recruitment\nFocus areas\nData expansion","Sub Groups":"System Maintenance and Support\nFocus areas\nData expansion","Catergories":"Workforce Planning\nPriority Services\nUser Scalability","Sub Catergories":"Business\nBusiness\nInfrastructure","Extracts":"Staff shortages in critical areas such as nursing and medicine Hospitals running at maximum capacity"},{"ID":26,"Factors":"Increase database\nRising system usage\nFuture system demand","Groups":"Load balancing\nCapacity planning\nKnowledge base","Sub Groups":"Data and Information Management\nCapacity planning\nKnowledge base","Catergories":"Data Collection\nScalability\nCapacity Planning","Sub Catergories":"Data\nInfrastructure\nInfrastructure","Extracts":"The rate of chronic diseases like heart disease, lung disease, diabetes, and cancer is rising. Obesity is becoming more common among young people, and our increasingly globalized society raises the risk of pandemics."},{"ID":27,"Factors":"Knowledge management\nIT system advancement","Groups":"Technological innovation\nCost-benefit analysis","Sub Groups":"Data and Information Management\nCost-benefit analysis","Catergories":"KM Systems\nDigital Modernization","Sub Catergories":"Application\nInfrastructure","Extracts":"An increasing body of medical knowledge that staff cannot manage and\nuse without advanced IT systems"},{"ID":28,"Factors":"Expensive technologies\nCostly materials","Groups":"Cost control\nEducation","Sub Groups":"Future Planning and System Demand\nEducation","Catergories":"Cost Analysis\nProcurement Strategy","Sub Catergories":"Infrastructure\nBusiness","Extracts":"Health services are increasingly challenged by more expensive medical technologies and pharmaceuticals"},{"ID":29,"Factors":"Informed consumers\nHigh expectations\nComplex needs problems","Groups":"Customer satisfaction\nProblem-solving\nCompliance audits","Sub Groups":"System Deployment and Integration\nProblem-solving\nCompliance audits","Catergories":"Health Literacy Tools\nStakeholder Engagement\nCase Management Systems","Sub Catergories":"Application\nBusiness\nApplication","Extracts":"Consumers are becoming more informed, have higher expectations and more complex problems"},{"ID":30,"Factors":"Quality & Safety standards\nHigh user rates\nSafe working capacity","Groups":"Load testing\nOccupational safety\nSOPs","Sub Groups":"Operational Effectiveness and Efficiency\nOccupational safety\nSOPs","Catergories":"Compliance Framework\nSystem Scalability\nOccupational Safety","Sub Catergories":"Business\nInfrastructure\nInfrastructure","Extracts":"Quality and safety standards are being challenged as demand increases and staff numbers decrease. For instance, from 2000 to 2005, NSW hospitals had an average occupancy of 93%. Some metropolitan hospitals had surgical and medical wards with 95-98% occupancy, while 85% is considered a much safer level."},{"ID":31,"Factors":"Communication\nPolicies & Procedures\nSkills and competence\nWork scheduling","Groups":"Collaboration tools\nTraining programs\nRoster management\nSystem investment","Sub Groups":"Standardization and Streamlining Processes\nTraining programs\nRoster management\nSystem investment","Catergories":"Communication Tools\nGovernance\nWorkforce Development\nScheduling Tools","Sub Catergories":"Application\nBusiness\nBusiness\nApplication","Extracts":"The key factors that cause these adverse events are:\n_x0001_ Communication\n_x0001_ Policies and procedures\n_x0001_ Knowledge, skills and competence issues\n_x0001_ Work scheduling"},{"ID":32,"Factors":"Lack of core ICT systems\nSystem reform","Groups":"Overhaul\nBudget reallocation","Sub Groups":"System and Technology Improvement\nBudget reallocation","Catergories":"System Deficit\nModernization Strategy","Sub Catergories":"Infrastructure\nBusiness","Extracts":"Clinical ICT is becoming an increasingly important enabler of health\nsystem reform, yet the core systems to underpin reform are not\ncurrently in place."},{"ID":33,"Factors":"Constraints in funding\nSkilled project management\nCapacity for large-scale change","Groups":"PMP certification\nChange management\nPrioritization","Sub Groups":"Consumer Experience and Support\nChange management\nPrioritization","Catergories":"Budget Constraints\nProject Capability\nChange Readiness","Sub Catergories":"Business\nBusiness\nBusiness","Extracts":"Constraints in capital and recurrent funding, skilled project\nmanagement and implementation resources and capacity of the health\nsystems to accommodate large scale change all restrict the potential\nspeed of implementation of core systems."},{"ID":34,"Factors":"Competing demands for ICT funds\nPriority determination\nProject scheduling complexity","Groups":"Value assessment\nGantt charts\nProblem clustering","Sub Groups":"Consumer Experience and Support\nGantt charts\nProblem clustering","Catergories":"Budget Management\nPrioritization Matrix\nProject Management","Sub Catergories":"Business\nBusiness\nBusiness","Extracts":"There are many competing demands for ICT funds. Deciding which projects to prioritize and schedule is complex and needs ongoing review to ensure funds are allocated where they will be most beneficial."},{"ID":35,"Factors":"Convergence of issues\nSignificant risk environment\nNeed for service delivery change","Groups":"Risk mitigation\nTransformation\nTalent acquisition","Sub Groups":"Consumer Experience and Support\nTransformation\nTalent acquisition","Catergories":"Integrated Service Design\nRisk Register\nService Innovation","Sub Catergories":"Application\nBusiness\nBusiness","Extracts":"NSW Health needs to change how it delivers services to meet these challenges. They've started a big reform program and need the right IT solutions to support staff and make these changes last"},{"ID":36,"Factors":"Demand for services\nWorkforce shortages\nGovernment priorities\nICT strategies","Groups":"Policy alignment\nTalent acquisition\nPolicy alignment\nIT roadmaps","Sub Groups":"System Deployment and Integration\nTalent acquisition\nPolicy alignment\nIT roadmaps","Catergories":"Service Planning\nBusiness Process Management\nPolicy Objectives\nImplementation Roadmap","Sub Catergories":"Business\nApplication\nBusiness\nBusiness","Extracts":"NSW Health is responding to big challenges like more people needing healthcare and not enough staff. They're looking at what the government wants, like improving mental health and using better technology. That helps them decide what to do next and where to spend money."},{"ID":37,"Factors":"Alignment with Results and Services Plan\nSupport for strategic programs\nAlignment with reform programs\nConsideration of whole-of-government strategies","Groups":"Goal alignment\nStrategic backing\nChange alignment\nHolistic approach","Sub Groups":"Business Alignment\nStrategic backing\nChange alignment\nHolistic approach","Catergories":"Results-Based Planning\nStrategic Support\nChange Management\nPolicy Alignment","Sub Catergories":"Business\nBusiness\nBusiness\nBusiness","Extracts":"The Results and Services Plan guides everything in NSW Health. There are other plans helping out too. The ICT Strategic Plan is one of them, making sure it works well with the main plan. They also look at what the whole government and the country are doing."},{"ID":38,"Factors":"Preventative solutions\nUser experience\nFuture benefits\nStrengthening relationships\nCosts of services\nSustainable Workforce\nNew risk potential","Groups":"Proactive measures\nUX design\nLong-term planning\nStakeholder engagement\nExpense management\nHR planning\nRisk forecasting","Sub Groups":"Financial Management and Budgeting\nUX design\nLong-term planning\nStakeholder engagement\nExpense management\nHR planning\nRisk forecasting","Catergories":"Early Intervention Tools\nUX Design\nForecasting\nStakeholder Engagement\nService Costing\nHR Strategy\nRisk Assessment","Sub Catergories":"Application\nApplication\nBusiness\nBusiness\nBusiness\nBusiness\nBusiness","Extracts":"The RSP is NSW Health's main plan to tackle challenges. They have four main goals:\nKeep people healthy\nProvide needed healthcare\nDeliver top-quality services\nManage health services well\n\nTo achieve these, they focus on seven key directions:\nGet everyone involved in prevention\nImprove people's healthcare experiences\nStrengthen community care\nWork with others for better health\nMake wise choices about healthcare costs\nBuild a strong healthcare workforce\nStay prepared for new challenges and chances"},{"ID":39,"Factors":"Reducing risk factors\nPreventing consumer issues\nInterventions for high-risk consumers","Groups":"Preventive measures\nCustomer care\nTargeted support","Sub Groups":"Risk Identification and Management\nCustomer care\nTargeted support","Catergories":"Risk Mitigation\nRisk Management\nPredictive Analytics","Sub Catergories":"Application\nApplication\nApplication","Extracts":"NSW Health wants to prevent sickness and promote good health habits. They're focusing on getting more people vaccinated and helping those at risk for diseases like diabetes. ICT can help by sending alerts about things like missed vaccinations or overdue check-ups"},{"ID":40,"Factors":"Availability of services\nEffectiveness of services\nCoordination of care\nSupporting new care models\nSustainability of reform\nInformation flow along consumer journey\nConsumer experience improvement\nAppropriate consumer delivery","Groups":"Service uptime\nPerformance metrics\nIntegrated care\nInnovative healthcare\nContinuous improvement\nData mapping\nUX enhancement\nTailored services","Sub Groups":"Business Alignment\nPerformance metrics\nIntegrated care\nInnovative healthcare\nContinuous improvement\nData mapping\nUX enhancement\nTailored services","Catergories":"Service Availability\nService Evaluation\nCare Coordination Systems\nModel of Care\nLong-Term Planning\nJourney Mapping\nUX Design\nService Design","Sub Catergories":"Infrastructure\nBusiness\nApplication\nBusiness\nBusiness\nApplication\nApplication\nApplication","Extracts":"NSW Health wants to make sure everyone gets the care they need, when they need it. They're using tech to support new ways of caring for people and making sure changes stick. Better info during your care journey means a better experience and getting the right care."},{"ID":41,"Factors":"Complexity and duplication in service delivery\nNeed for improved collaboration\nEnhancement of coordination\nQuality and safety improvement\nAppropriate resource utilization","Groups":"Process simplification\nTeamwork enhancement\nIntegrated systems\nQuality assurance\nOptimal allocation","Sub Groups":"Compliance and Governance\nTeamwork enhancement\nIntegrated systems\nQuality assurance\nOptimal allocation","Catergories":"Process Optimization\nCollaboration Tools\nWorkflow Systems\nContinuous Improvement\nResource Optimization","Sub Catergories":"Application\nApplication\nApplication\nBusiness\nInfrastructure","Extracts":"NSW Health aims to improve healthcare by working better together. They're using tech to help everyone collaborate and use resources wisely. That means better tools for healthcare workers and making sure everyone gets great care."},{"ID":42,"Factors":"Constraints and opportunities\nAlignment with national initiatives","Groups":"SWOT analysis\nPolicy coherence","Sub Groups":"Financial Management and Budgeting\nPolicy coherence","Catergories":"Risk and Opportunity Analysis\nPolicy Compliance","Sub Catergories":"Business\nBusiness","Extracts":"The NSW Government's IT setup influences NSW Health's ICT plan. They aim to make sure NSW initiatives match up with and sometimes even help shape national and statewide plans"},{"ID":43,"Factors":"New directions for IT\nPrimary goals of Executive Council","Groups":"Tech trends\nLeadership vision","Sub Groups":"System and Technology Improvement\nLeadership vision","Catergories":"Innovation Strategy\nStrategic Goals","Sub Catergories":"Business\nBusiness","Extracts":"The NSW Government is changing how they use computers and stuff. They want to save money on the boring tech stuff while keeping important services running smoothly. They're spending more on technology for important services and finding ways to save money with computers. This means using one fund for all tech needs, having a plan for the whole state, using fewer computer programs, sharing tech, and buying things together."},{"ID":44,"Factors":"Government priorities\nReform agenda\nBusiness reform\nImprovements to Indigenous consumers\nPreventative services","Groups":"Policy alignment\nChange strategy\nOrganizational change\nInclusive services\nEarly intervention","Sub Groups":"System Deployment and Integration\nChange strategy\nOrganizational change\nInclusive services\nEarly intervention","Catergories":"Policy Objectives\nChange Strategy\nChange Initiatives\nInclusive Design\nPreventive Care Systems","Sub Catergories":"Business\nBusiness\nBusiness\nApplication\nApplication","Extracts":"COAG is a group working on important national stuff like mental health, healthcare workers, flu plans, and electronic health records. They're making big plans for healthcare, like making hospitals better and helping people stay healthy. This ICT plan is part of making those plans work by improving healthcare in hospitals and communities"},{"ID":45,"Factors":"Collaboration across jurisdictions\nConsistency in systems approaches\nNational information network\nRegulatory frameworks","Groups":"Cross-border teamwork\nUniform methods\nCentralized data\nLegal compliance","Sub Groups":"Collaboration and Communication\nUniform methods\nCentralized data\nLegal compliance","Catergories":"Interagency Cooperation\nSystem Architecture\nNational Infrastructure\nPolicy Environment","Sub Catergories":"Business\nInfrastructure\nInfrastructure\nBusiness","Extracts":"The eHealth initiative involves all states, territories, and the Australian Government. It began in 2000 to set up e-health across Australia. The Australian Government has invested $128 million in e-health projects across the country, plus an extra $10 million in 2005 for managed health network grants. The aim is to make sure everyone works together, with consistent approaches to eHealth, creating a national health information network. The program also helps make the right rules for eHealth initiatives."},{"ID":46,"Factors":"ICT standards\nICT strategic plan\nInteroperability\nStandardized information\nUnique Identifiers\nIndividual Electronic Record\nIdentity management standards\nSecure messaging\nSupply chain management","Groups":"Protocol adherence\nIT blueprint\nAPI integration\nData governance\nIdentity codes\nPersonal data\nSecurity protocols\nEncrypted communication\nLogistics control","Sub Groups":"Implementation Challenges and Delays\nIT blueprint\nAPI integration\nData governance\nIdentity codes\nPersonal data\nSecurity protocols\nEncrypted communication\nLogistics control","Catergories":"Compliance and Standards\nLong-term Planning\nStandards-based Integration\nData Standards\nIdentity Management\nDigital Health Records\nIAM\nEncrypted Communication\nLogistics Systems","Sub Catergories":"Infrastructure\nBusiness\nInfrastructure\nData\nData\nApplication\nInfrastructure\nApplication\nApplication","Extracts":"focuses on developing national health information management and communication technology standards. Its work includes creating frameworks for interoperability, standardizing clinical communications, establishing unique healthcare identifiers, and preparing standards for individual electronic health records, identity management, secure messaging, and supply chain management."},{"ID":47,"Factors":"Corporate reform program\nICT reform program\nImplementation of IT solutions","Groups":"Business transformation\nIT overhaul\nTech deployment","Sub Groups":"Financial Management and Budgeting\nIT overhaul\nTech deployment","Catergories":"Organizational Change\nTransformation Planning\nRollout Process","Sub Catergories":"Business\nBusiness\nApplication","Extracts":"To tackle challenges and prepare for the future, NSW Health is changing how it delivers services. Implementing IT solutions to support staff and integrate business processes is key for sustainable service delivery changes."},{"ID":48,"Factors":"Development of ICT strategy\nInvestment priorities\nBudget negotiation\nProgram delivery","Groups":"IT planning\nCapital focus\nFinancial planning\nExecution","Sub Groups":"Collaboration and Communication\nCapital focus\nFinancial planning\nExecution","Catergories":"ICT Strategic Planning\nPriority Setting\nFinancial Planning\nExecution Management","Sub Catergories":"Business\nBusiness\nBusiness\nBusiness","Extracts":"NEHTA makes sure health info works the same way everywhere in Australia. They're working on stuff like making sure doctors' notes and patient info look the same everywhere. They're also setting up a single ID for healthcare and getting ready for a national health record system. Plus, they're making sure the stuff doctors send each other is safe, and helping with buying healthcare stuff"},{"ID":49,"Factors":"Responsibilities of Support Services\nImplementation of system\nMaintenance of systems\nSupport for Consumers\nHardware management\nSoftware management","Groups":"Service scope\nSystem rollout\nUpkeep\nCustomer service\nDevice control\nApplication administration","Sub Groups":"Policy and Organizational Reform\nSystem rollout\nUpkeep\nCustomer service\nDevice control\nApplication administration","Catergories":"Operational Support\nDeployment\nSystem Operations\nService Desk\nAsset Management\nVersion Control","Sub Catergories":"Business\nApplication\nInfrastructure\nApplication\nInfrastructure\nApplication","Extracts":"Health Support Services sets up and maintains key computer systems for healthcare. They give specific IT help to Area Health Services as defined by the law. This includes managing computers, software, and helping with setting up systems."},{"ID":50,"Factors":"Responsibilities of Services\nLocal implementations\nChange management\nStaff training\nBenefits realization","Groups":"Service tasks\nRegional rollout\nTransition planning\nEmployee development\nOutcome tracking","Sub Groups":"Policy and Organizational Reform\nRegional rollout\nTransition planning\nEmployee development\nOutcome tracking","Catergories":"Service Charter\nSite-Specific Rollouts\nTransition Planning\nProfessional Development\nBenefits Management","Sub Catergories":"Business\nBusiness\nBusiness\nBusiness\nBusiness","Extracts":"Area Health Services are responsible for the management of local\nimplementations, change management and training of staff and benefits\nrealisation."},{"ID":51,"Factors":"Prioritization of programs and projects\nSound investment decisions\nBenefit to the organization\nCommon processes across ICT\nCollaborative framework","Groups":"Strategic focus\nROI analysis\nValue creation\nStandardization\nTeam structure","Sub Groups":"Risk Identification and Management\nROI analysis\nValue creation\nStandardization\nTeam structure","Catergories":"Portfolio Management\nROI Analysis\nOrganizational Value\nProcess Standardization\nGovernance Structure","Sub Catergories":"Business\nBusiness\nBusiness\nApplication\nBusiness","Extracts":"They pick the most important projects and invest wisely for the health system. We work together on ICT stuff and have clear rules. This helps us decide what to build and how to run things"},{"ID":52,"Factors":"Evaluation criteria\nPrioritization\nMonitoring\nAchieving business priorities","Groups":"Performance metrics\nTask ranking\nSupervision\nGoal fulfillment","Sub Groups":"Consumer Experience and Support\nTask ranking\nSupervision\nGoal fulfillment","Catergories":"Project Metrics\nDecision Framework\nSystem Monitoring\nStrategic Alignment","Sub Catergories":"Business\nBusiness\nApplication\nBusiness","Extracts":"NSW Health uses a coordinated approach to manage ICT projects. This helps us evaluate, prioritize, select, and monitor programs and projects. We adjust as needed to meet our business goals."},{"ID":53,"Factors":"Standardizing processes across ICT\nGuidelines application","Groups":"Uniform methods\nBest practices","Sub Groups":"Standardization and Streamlining Processes\nBest practices","Catergories":"ITIL \/ SOPs\nBest Practices","Sub Catergories":"Business\nBusiness","Extracts":"They have set ways of doing things that support our ICT plan. These cover every step of a project's life."},{"ID":54,"Factors":"Collaborative implementation\nIntegration of governance models\nConsistency in application development","Groups":"Joint execution\nUnified policies\nStandard coding","Sub Groups":"Standardization and Streamlining Processes\nUnified policies\nStandard coding","Catergories":"Joint Program Delivery\nGovernance Integration\nDev Standards","Sub Catergories":"Business\nBusiness\nApplication","Extracts":"To make the strategy work, NSW Health collaborates with the Department of Health, Area Health Services, Health Technology, and third-party providers, using shared decision-making processes and building core applications at the state level"},{"ID":55,"Factors":"Classification of applications\nManagement of applications\nResource management\nAchieving outcomes","Groups":"App taxonomy\nApp lifecycle\nAsset allocation\nResults tracking","Sub Groups":"Collaboration and Communication\nApp lifecycle\nAsset allocation\nResults tracking","Catergories":"Application Architecture\nApp Lifecycle\nResource Allocation Tools\nOutcome Measurement","Sub Catergories":"Application\nApplication\nBusiness\nBusiness","Extracts":"Applications and projects are categorized as core, common, or divergent, influencing their prioritization, funding, and management, with core ones managed by the Department, common ones collaboratively, and divergent ones allowing for innovative solutions to local needs."},{"ID":56,"Factors":"Alignment with business benefits\nRisk Identification\nDisconnect of strategy and implementation","Groups":"Strategic alignment\nRisk assessment\nExecution gap","Sub Groups":"Business Alignment\nRisk assessment\nExecution gap","Catergories":"Business Case\nRisk Management Tools\nExecution Gap","Sub Catergories":"Business\nBusiness\nBusiness","Extracts":"The Project Governance framework makes sure projects do what they're supposed to and deliver the benefits they promised. It helps NSW Health focus on the right projects and ensures they're done correctly. This way, strategy and delivery stay connected, reducing risks for the whole portfolio"},{"ID":57,"Factors":"Development process\nIntegration with existing methodology\nInformed decision-making","Groups":"Workflow\nSeamless adoption\nData-driven choices","Sub Groups":"System Deployment and Integration\nSeamless adoption\nData-driven choices","Catergories":"Software Development Lifecycle\nMethodological Compatibility\nAnalytics & Reporting","Sub Catergories":"Application\nBusiness\nApplication","Extracts":"In the Content Development phase, they design and build a prototype, then review it with clinicians. We use a method called Fast Track, which makes the process quicker. The prototype helps clinicians understand the application better and decide if it works for them"},{"ID":58,"Factors":"Large content management\nResource constraints\nSkills \/ Training\nScope creep","Groups":"CMS\nLimited resources\nCompetence building\nProject control","Sub Groups":"Data and Information Management\nLimited resources\nCompetence building\nProject control","Catergories":"ECM (Enterprise Content Management)\nResource Bottlenecks\nLMS\nProject Governance","Sub Catergories":"Application\nBusiness\nApplication\nBusiness","Extracts":"In the Implementation phase, they're putting in the content decided by the state. Doing it all at once might seem like a lot, but it's the most efficient and cost-effective way. Using the Fast Track Method makes things quicker and cheaper, sticking to a standard design with state content. This means less hassle and less time spent learning for Area Health Services staff. Their team knows how to build the database, and doing things fast helps them stick to the plan without adding extra stuff."},{"ID":59,"Factors":"Equal system participation\nChange control process\nCore functionality vs area-specific needs","Groups":"Inclusive access\nProcess governance\nCustomization","Sub Groups":"Standardization and Streamlining Processes\nProcess governance\nCustomization","Catergories":"Accessibility\nGovernance\nApplication Design","Sub Catergories":"Application\nBusiness\nApplication","Extracts":"The SBB uses a maturity model to improve its features over time, with all Area Health Services contributing to each version, changes requiring approval from the majority of the Application Advisory Group, and new versions released annually, featuring required core functions, modifiable features, and local content."},{"ID":60,"Factors":"Alignment\nImplementation delays\nAllocation of resources","Groups":"Strategic fit\nTime management\nResource planning","Sub Groups":"Business Alignment\nTime management\nResource planning","Catergories":"Strategic Planning\nTimeline Risk\nResource Management","Sub Catergories":"Business\nBusiness\nBusiness","Extracts":"The Clinical Systems Strategy aims to implement essential clinical systems supporting Clinical Services Redesign, Quality and Safety initiatives, and clinical programs. It focuses on improving communication, reducing delays, and supporting patient care, ensuring resources are allocated flexibly to meet patient needs"},{"ID":61,"Factors":"Management of programs\nIntegration of systems\nCompatibility between systems","Groups":"Program oversight\nSystem merger\nSystem harmony","Sub Groups":"Program and Project Management\nSystem merger\nSystem harmony","Catergories":"Program Oversight\nUnified Platforms\nIntegration Architecture","Sub Catergories":"Business\nInfrastructure\nInfrastructure","Extracts":"Three programs support the Clinical Systems Strategy: the Electronic Medical Record program for managing patients in hospitals, the Primary, Community, and Outpatient Care program for community care, and the Clinical Support program for essential support systems like Patient Administration and diagnostics."},{"ID":62,"Factors":"Integration of unified systems\nDisruption to processes\nData security\nData privacy","Groups":"Single platform\nSmooth transitions\nProtection\nConfidentiality","Sub Groups":"System Deployment and Integration\nSmooth transitions\nProtection\nConfidentiality","Catergories":"Centralization\nBusiness Continuity\nCybersecurity\nPrivacy and Security","Sub Catergories":"Infrastructure\nBusiness\nInfrastructure\nData","Extracts":"The Corporate Systems Strategy sets up essential systems to support the Corporate Shared Services reform program, cutting duplication and costs in administrative tasks to redirect funds to frontline care, with the Corporate Systems program as its backbone."},{"ID":63,"Factors":"Timeliness\nAccuracy of data\nAccuracy of Reporting\nIntegration of data\nUnified platform\nData accessibility\nData privacy","Groups":"Punctuality\nData integrity\nPrecise reports\nData fusion\nSingle interface\nEasy access\nConfidentiality","Sub Groups":"Operational Effectiveness and Efficiency\nData integrity\nPrecise reports\nData fusion\nSingle interface\nEasy access\nConfidentiality","Catergories":"Responsiveness\nData Quality\nReporting Systems\nData Interoperability\nPlatform Architecture\nOpen Data \/ Interoperability\nPrivacy and Security","Sub Catergories":"Business\nData\nApplication\nData\nInfrastructure\nData\nData","Extracts":"The Business Information Strategy aims to provide timely, high-quality information throughout the organization, fostering a performance-driven culture. It helps turn data into insights, supports decision-making, aligns with strategic goals, ensures accountability, and follows the overall program and change management approach."},{"ID":64,"Factors":"Prioritization\nAlignment\nMonitoring","Groups":"Task ranking\nStrategic fit\nSupervision","Sub Groups":"Program and Project Management\nStrategic fit\nSupervision","Catergories":"Decision Framework\nStrategic Planning\nSystem Monitoring","Sub Catergories":"Business\nBusiness\nApplication","Extracts":"Three programs support the Business Information Strategy: one delivers useful information to front-line staff, another integrates strategic frameworks and develops performance measures, and the third ensures systems can provide consistent data and sets up technical infrastructure"},{"ID":65,"Factors":"Infrastructure efficiency\nStandardized information\nResource optimization","Groups":"Optimal systems\nData governance\nBest use","Sub Groups":"Data and Information Management\nData governance\nBest use","Catergories":"Infrastructure Optimization\nData Standards\nEfficiency Tools","Sub Catergories":"Infrastructure\nData\nInfrastructure","Extracts":"The Sustainable Infrastructure program aims to streamline technical infrastructure, establish and uphold standards and architecture for statewide ICT initiatives, and ensure maximum benefit from ICT investments."},{"ID":66,"Factors":"Infrastructure coherence\nStandard adherence\nData quality","Groups":"Protocol compliance\nHigh standards\nHigh standards","Sub Groups":"System Deployment and Integration\nHigh standards\nHigh standards","Catergories":"System Integration\nCompliance Management\nData Governance","Sub Catergories":"Infrastructure\nBusiness\nData","Extracts":"The Sustainable Infrastructure program includes three parts: setting up infrastructure, establishing technical standards, and ensuring uniform data standards across systems in NSW."}]