[
    {
        "ID": 1,
        "Extracts": "NSW Health is changing how it does things to meet challenges. They're putting in a big program to fix clinical, corporate, and tech stuff. Getting the right IT tools is key to making sure these changes last. Before, they had a mess of different systems which made things harder and more expensive. Plus, some of their systems are ancient and hard to support",
        "Wrapper": [
            {
                "Sub Groups": "Data Security, Quality and Privacy",
                "Catergories": "Reporting Systems",
                "Groups": "Precise reports",
                "Sub Catergories": "Application",
                "Factors": "Accuracy of Reporting"
            },
            {
                "Sub Groups": "Streamlined processes",
                "Catergories": "Redundancy Management",
                "Groups": "Streamlined processes",
                "Sub Catergories": "Application",
                "Factors": "Duplication"
            }
        ]
    },
    {
        "ID": 2,
        "Extracts": "Because of all this, it's hard to share patient info and coordinate care properly. Managers struggle to get accurate info on how well the systems are doing. And keeping them running costs a lot of money.",
        "Wrapper": [
            {
                "Sub Groups": "Operational Effectiveness and Efficiency",
                "Catergories": "Legacy Systems",
                "Groups": "Unified platform",
                "Sub Catergories": "Infrastructure",
                "Factors": "Disparate systems"
            }
        ]
    },
    {
        "ID": 3,
        "Extracts": "This setup could harm the long-term success of the Clinical Services Redesign and Corporate Shared Services. So, they're reshaping the ICT program to fit these reforms better. They're aiming to connect scattered information and tech and quickly support both clinical and corporate changes.",
        "Wrapper": [
            {
                "Sub Groups": "Infrastructure and Hardware Management",
                "Catergories": "Legacy Replacement",
                "Groups": "Modernization",
                "Sub Catergories": "Infrastructure",
                "Factors": "Outdated infrastructure"
            }
        ]
    },
    {
        "ID": 4,
        "Extracts": "Back in 2000, the Integrated Clinical Information Program (ICIP) started based on advice from the NSW Health Council. Its goal is to fix the problems with a clear plan. The idea is to give essential clinical features to all of NSW. They've already made big strides in setting up patient administration, clinical, and corporate systems",
        "Wrapper": [
            {
                "Sub Groups": "Compliance and Governance",
                "Catergories": "System Silos",
                "Groups": "Centralized management",
                "Sub Catergories": "Infrastructure",
                "Factors": "Fragmentation"
            },
            {
                "Sub Groups": "Upgrades",
                "Catergories": "System Modernization",
                "Groups": "Upgrades",
                "Sub Catergories": "Infrastructure",
                "Factors": "Outdated systems"
            },
            {
                "Sub Groups": "Standard protocols",
                "Catergories": "System Interoperability",
                "Groups": "Standard protocols",
                "Sub Catergories": "Infrastructure",
                "Factors": "Compatibility"
            }
        ]
    },
    {
        "ID": 5,
        "Extracts": "Clinical Systems Strategy\nCorporate Systems Strategy\nBusiness Information Strategy\nSustainable Infrastructure Strategy\nWhole of Government ICT Strategic Directions",
        "Wrapper": [
            {
                "Sub Groups": "Business Alignment",
                "Catergories": "Strategic Planning",
                "Groups": "Strategic fit",
                "Sub Catergories": "Business",
                "Factors": "Alignment"
            },
            {
                "Sub Groups": "Performance review",
                "Catergories": "KPIs and Metrics",
                "Groups": "Performance review",
                "Sub Catergories": "Business",
                "Factors": "Effectiveness"
            },
            {
                "Sub Groups": "System unification",
                "Catergories": "Systems Integration",
                "Groups": "System unification",
                "Sub Catergories": "Infrastructure",
                "Factors": "Integration"
            },
            {
                "Sub Groups": "Green practices",
                "Catergories": "Sustainability Planning",
                "Groups": "Green practices",
                "Sub Catergories": "Business",
                "Factors": "Sustainability"
            },
            {
                "Sub Groups": "Regulatory adherence",
                "Catergories": "Policy & Regulation",
                "Groups": "Regulatory adherence",
                "Sub Catergories": "Business",
                "Factors": "Compliance"
            }
        ]
    },
    {
        "ID": 6,
        "Extracts": "They're making care safer and better by giving clinicians the info they need and setting up systems for consistent, predictable processes across the state.",
        "Wrapper": [
            {
                "Sub Groups": "Data and Information Management",
                "Catergories": "Data Management",
                "Groups": "User portals",
                "Sub Catergories": "Application",
                "Factors": "Access to information"
            },
            {
                "Sub Groups": "Standard procedures",
                "Catergories": "Standards Adherence",
                "Groups": "Standard procedures",
                "Sub Catergories": "Application",
                "Factors": "Consistency"
            },
            {
                "Sub Groups": "Forecasting models",
                "Catergories": "Demand Modeling",
                "Groups": "Forecasting models",
                "Sub Catergories": "Business",
                "Factors": "Predictability"
            }
        ]
    },
    {
        "ID": 7,
        "Extracts": "They're improving teamwork among health agencies in NSW, as well as with private companies and nationally, so everyone can work together better. This means info flows more smoothly, helping patients and making things more efficient.",
        "Wrapper": [
            {
                "Sub Groups": "Collaboration and Communication",
                "Catergories": "Stakeholder Engagement",
                "Groups": "Teamwork tools",
                "Sub Catergories": "Business",
                "Factors": "Collaboration"
            },
            {
                "Sub Groups": "API integration",
                "Catergories": "Standards-based Integration",
                "Groups": "API integration",
                "Sub Catergories": "Infrastructure",
                "Factors": "Interoperability"
            },
            {
                "Sub Groups": "Data pipelines",
                "Catergories": "Workflow Management",
                "Groups": "Data pipelines",
                "Sub Catergories": "Application",
                "Factors": "Information flow"
            }
        ]
    },
    {
        "ID": 8,
        "Extracts": "They're expecting to save a lot of money by setting up new structures and ways of doing things. By rolling out key programs quickly, they'll spend less on managing projects, and they can piggyback on existing changes to save even more. This also means less disruption for clinicians and patients and less money spent on training.",
        "Wrapper": [
            {
                "Sub Groups": "Program and Project Management",
                "Catergories": "Lean Architecture",
                "Groups": "Lean management",
                "Sub Catergories": "Infrastructure",
                "Factors": "Efficient structures"
            },
            {
                "Sub Groups": "Project management",
                "Catergories": "Deployment Planning",
                "Groups": "Project management",
                "Sub Catergories": "Infrastructure",
                "Factors": "System deployment & Integration"
            },
            {
                "Sub Groups": "Green practices",
                "Catergories": "Sustainability Planning",
                "Groups": "Green practices",
                "Sub Catergories": "Business",
                "Factors": "Sustainability"
            },
            {
                "Sub Groups": "Mitigation strategies",
                "Catergories": "Risk Mitigation",
                "Groups": "Mitigation strategies",
                "Sub Catergories": "Business",
                "Factors": "Minimizing impact"
            },
            {
                "Sub Groups": "E-learning",
                "Catergories": "Training Programs",
                "Groups": "E-learning",
                "Sub Catergories": "Application",
                "Factors": "Streamlined training processes"
            }
        ]
    },
    {
        "ID": 9,
        "Extracts": "The ICT Strategy is built on three main ideas:\nBetter support for clinicians and patient care.\nAligning with big NSW Health plans.\nSaving a lot of money.\n\nThese ideas guide five key objectives:\nUsing ICT to drive big changes in clinical care.\nCutting down on duplicated admin systems and costs.\nProviding top-notch info to everyone in the organization.\nSetting up a flexible ICT system that supports both clinical and corporate reforms.\nManaging ICT in a smart, coordinated way to get the most out of the investment.",
        "Wrapper": [
            {
                "Sub Groups": "Consumer Experience and Support",
                "Catergories": "End-User Support",
                "Groups": "User training",
                "Sub Catergories": "Application",
                "Factors": "Support for users"
            },
            {
                "Sub Groups": "Goal alignment",
                "Catergories": "Program Governance",
                "Groups": "Goal alignment",
                "Sub Catergories": "Business",
                "Factors": "Alignment with initiatives"
            },
            {
                "Sub Groups": "Expense reduction",
                "Catergories": "Cost Efficiency",
                "Groups": "Expense reduction",
                "Sub Catergories": "Business",
                "Factors": "Cost savings"
            }
        ]
    },
    {
        "ID": 10,
        "Extracts": "ICT Asset Management Strategy\nNSW Health's Enterprise Architecture, which covers:\nClinical Systems Architecture\nCorporate Systems Architecture and Strategy\nBusiness Information Strategy\nInfrastructure Strategy\nIntegration Architecture Strategy\nICT Governance Framework\nICT Portfolio Management and Program of Work\nICT Investment Plan for 2006-2017.",
        "Wrapper": [
            {
                "Sub Groups": "Business Alignment",
                "Catergories": "IT-Business Alignment",
                "Groups": "IT strategy",
                "Sub Catergories": "Business",
                "Factors": "ICT Alignment"
            },
            {
                "Sub Groups": "Policy framework",
                "Catergories": "Program Oversight",
                "Groups": "Policy framework",
                "Sub Catergories": "Business",
                "Factors": "Governance"
            },
            {
                "Sub Groups": "Capital allocation",
                "Catergories": "Capital Planning",
                "Groups": "Capital allocation",
                "Sub Catergories": "Business",
                "Factors": "Investment plans"
            },
            {
                "Sub Groups": "Market analysis",
                "Catergories": "Strategic Planning",
                "Groups": "Market analysis",
                "Sub Catergories": "Business",
                "Factors": "Business strategy"
            }
        ]
    },
    {
        "ID": 11,
        "Extracts": "From the RSP:\nThey've picked out results and services that rely on ICT assets.\nThey've identified risks related to ICT assets that could affect service delivery.\nThey've pinpointed services and measures that hinge on ICT assets working properly.\n\nFrom the NSW Health Corporate Plan:\nThey've considered the overall vision for the community.\nThey've outlined how NSW Health will contribute to this vision.\nThey've focused on strategies to achieve goals, along with potential risks.\nThey've set up ways to measure performance and ensure targets are met.\nThey've looked at the costs involved in reaching the vision and meeting targets.",
        "Wrapper": [
            {
                "Sub Groups": "Business Alignment",
                "Catergories": "IT-Business Alignment",
                "Groups": "IT strategy",
                "Sub Catergories": "Business",
                "Factors": "ICT Alignment"
            },
            {
                "Sub Groups": "Risk assessment",
                "Catergories": "Risk Management Tools",
                "Groups": "Risk assessment",
                "Sub Catergories": "Business",
                "Factors": "Risk Identification"
            },
            {
                "Sub Groups": "Contingency planning",
                "Catergories": "System Dependencies",
                "Groups": "Contingency planning",
                "Sub Catergories": "Infrastructure",
                "Factors": "Dependency"
            }
        ]
    },
    {
        "ID": 12,
        "Extracts": "    Contribution to major service reform agendas and alignment with planned NSW Health priorities and plans.\n    Support for the patient journey across different care settings and improvement of healthcare quality and safety for a large number of people.\n    Ability to enhance efficiency and effectiveness in healthcare delivery and workforce utilization.\n    Adherence to state ICT strategic planning requirements.\n    Potential to generate a positive return on investment.",
        "Wrapper": [
            {
                "Sub Groups": "Consumer Experience and Support",
                "Catergories": "Project Metrics",
                "Groups": "Performance metrics",
                "Sub Catergories": "Business",
                "Factors": "Evaluation criteria"
            }
        ]
    },
    {
        "ID": 13,
        "Extracts": "They should only add new projects to their investment plan. When it's time to replace old systems, they can handle it through contracts with vendors.",
        "Wrapper": [
            {
                "Sub Groups": "Data and Information Management",
                "Catergories": "Equity",
                "Groups": "Diversity programs",
                "Sub Catergories": "Business",
                "Factors": "Inclusion"
            },
            {
                "Sub Groups": "System swaps",
                "Catergories": "System Upgrade",
                "Groups": "System swaps",
                "Sub Catergories": "Infrastructure",
                "Factors": "Replacement"
            },
            {
                "Sub Groups": "Vendor management",
                "Catergories": "Vendor Management",
                "Groups": "Vendor management",
                "Sub Catergories": "Business",
                "Factors": "Procurement"
            }
        ]
    },
    {
        "ID": 14,
        "Extracts": "By 2011, they plan to have core clinical and corporate systems set up across NSW. This will help patients move through the healthcare system smoothly and ensure efficient management. Implementing the ICT Strategy will bring benefits to patients, clinicians, departments, hospitals, areas, and the whole state.",
        "Wrapper": [
            {
                "Sub Groups": "Future Planning and System Demand",
                "Catergories": "Scheduling",
                "Groups": "Schedule adherence",
                "Sub Catergories": "Business",
                "Factors": "Implementation timeline"
            },
            {
                "Sub Groups": "Rollout plan",
                "Catergories": "Implementation Planning",
                "Groups": "Rollout plan",
                "Sub Catergories": "Application",
                "Factors": "Systems implementation"
            },
            {
                "Sub Groups": "Customer service",
                "Catergories": "Service Desk",
                "Groups": "Customer service",
                "Sub Catergories": "Application",
                "Factors": "Support for Consumers"
            },
            {
                "Sub Groups": "BI systems",
                "Catergories": "MIS Systems",
                "Groups": "BI systems",
                "Sub Catergories": "Application",
                "Factors": "Management information"
            }
        ]
    },
    {
        "ID": 15,
        "Extracts": "For patients and clinicians, the goal is to have a complete picture of the patient's health history. This way, all healthcare providers can work together effectively, knowing each other's roles and contributions. Corporate systems also support this by giving a clear view of employees, making sure care is delivered smoothly",
        "Wrapper": [
            {
                "Sub Groups": "Collaboration and Communication",
                "Catergories": "Stakeholder Engagement",
                "Groups": "Teamwork tools",
                "Sub Catergories": "Business",
                "Factors": "Collaboration"
            },
            {
                "Sub Groups": "Helpdesk",
                "Catergories": "Helpdesk / User Services",
                "Groups": "Helpdesk",
                "Sub Catergories": "Application",
                "Factors": "Consumer support"
            },
            {
                "Sub Groups": "HR systems",
                "Catergories": "HR Systems",
                "Groups": "HR systems",
                "Sub Catergories": "Application",
                "Factors": "Employee management"
            }
        ]
    },
    {
        "ID": 16,
        "Extracts": "The strategy benefits patients by ensuring clinicians have all the information they need for optimal care, easily accessible whenever and wherever it's needed. This saves clinicians time by reducing the need to search for information or repeat tests unnecessarily, giving them more time for direct patient care.",
        "Wrapper": [
            {
                "Sub Groups": "Consumer Experience and Support",
                "Catergories": "Personalization",
                "Groups": "UX design",
                "Sub Catergories": "Application",
                "Factors": "User optimization"
            },
            {
                "Sub Groups": "Open data",
                "Catergories": "Open Access",
                "Groups": "Open data",
                "Sub Catergories": "Application",
                "Factors": "Information accessibility"
            },
            {
                "Sub Groups": "Time tracking",
                "Catergories": "Automation",
                "Groups": "Time tracking",
                "Sub Catergories": "Application",
                "Factors": "Time efficiency"
            }
        ]
    },
    {
        "ID": 17,
        "Extracts": "Nursing Unit Manager (NUM) can plan patient care better when they know all the demands and resources. This includes patients from the emergency room, post-surgery, and transfers, as well as available beds and staff skills.",
        "Wrapper": [
            {
                "Sub Groups": "Resource Management and Utilization",
                "Catergories": "Resource Allocation Tools",
                "Groups": "Asset allocation",
                "Sub Catergories": "Business",
                "Factors": "Resource management"
            },
            {
                "Sub Groups": "Utilization metrics",
                "Catergories": "Performance Tuning",
                "Groups": "Utilization metrics",
                "Sub Catergories": "Infrastructure",
                "Factors": "Capacity optimization"
            },
            {
                "Sub Groups": "Roadmap creation",
                "Catergories": "Strategic Planning",
                "Groups": "Roadmap creation",
                "Sub Catergories": "Business",
                "Factors": "Planning"
            }
        ]
    },
    {
        "ID": 18,
        "Extracts": "At hospital, area, and department executive levels, having a complete portfolio lets them look at health outcomes, service demand, resources, performance, and finances all together.",
        "Wrapper": [
            {
                "Sub Groups": "Compliance and Governance",
                "Catergories": "Analytics Framework",
                "Groups": "BI dashboards",
                "Sub Catergories": "Data",
                "Factors": "Integrated analysis & System outcome indicators"
            },
            {
                "Sub Groups": "Inventory tracking",
                "Catergories": "Workforce / Budget",
                "Groups": "Inventory tracking",
                "Sub Catergories": "Business",
                "Factors": "Resource availability"
            },
            {
                "Sub Groups": "Accounting software",
                "Catergories": "Budgeting Systems",
                "Groups": "Accounting software",
                "Sub Catergories": "Business",
                "Factors": "Financial management"
            }
        ]
    },
    {
        "ID": 19,
        "Extracts": "The ICT Strategy focuses on key areas and will address them as resources allow. Other initiatives will only be added if they don't affect these core functions or if there's an urgent need.",
        "Wrapper": [
            {
                "Sub Groups": "Risk Identification and Management",
                "Catergories": "Resource Prioritization",
                "Groups": "Strategic planning",
                "Sub Catergories": "Business",
                "Factors": "Priority areas & Resource allocation"
            },
            {
                "Sub Groups": "Budgeting",
                "Catergories": "Funding Sources",
                "Groups": "Budgeting",
                "Sub Catergories": "Business",
                "Factors": "Funding availability"
            },
            {
                "Sub Groups": "Crisis management",
                "Catergories": "Core Services",
                "Groups": "Crisis management",
                "Sub Catergories": "Application",
                "Factors": "Core function delivery & Urgent issue resolution"
            }
        ]
    },
    {
        "ID": 20,
        "Extracts": "By 2011, clinical departments will have improved systems for workflow, decision-making support, and accessing necessary information. This helps clinicians make better decisions for patients, leading to safer care",
        "Wrapper": [
            {
                "Sub Groups": "Operational Effectiveness and Efficiency",
                "Catergories": "Business Process Management",
                "Groups": "Process optimization",
                "Sub Catergories": "Application",
                "Factors": "Workflow improvement"
            },
            {
                "Sub Groups": "AI tools",
                "Catergories": "Decision Support Systems",
                "Groups": "AI tools",
                "Sub Catergories": "Application",
                "Factors": "Decision support"
            },
            {
                "Sub Groups": "Asset allocation",
                "Catergories": "Resource Allocation Tools",
                "Groups": "Asset allocation",
                "Sub Catergories": "Business",
                "Factors": "Resource management"
            },
            {
                "Sub Groups": "Open data",
                "Catergories": "Open Access",
                "Groups": "Open data",
                "Sub Catergories": "Application",
                "Factors": "Information accessibility"
            }
        ]
    },
    {
        "ID": 21,
        "Extracts": "Integrated hospital systems mean information is collected once and available to all, reducing handover issues and improving resource management for smoother patient care.",
        "Wrapper": [
            {
                "Sub Groups": "System Deployment and Integration",
                "Catergories": "Core Platform Integration",
                "Groups": "Middleware",
                "Sub Catergories": "Infrastructure",
                "Factors": "Integration of core systems"
            },
            {
                "Sub Groups": "Open data",
                "Catergories": "Open Access",
                "Groups": "Open data",
                "Sub Catergories": "Application",
                "Factors": "Information accessibility"
            },
            {
                "Sub Groups": "Asset allocation",
                "Catergories": "Resource Allocation Tools",
                "Groups": "Asset allocation",
                "Sub Catergories": "Business",
                "Factors": "Resource management"
            }
        ]
    },
    {
        "ID": 22,
        "Extracts": "The ICT Strategy aims to improve patient care by giving Nursing Unit Managers better information to plan and care for patients, helping hospital executives manage resources and performance, making it easier for departments to access important info and make decisions, integrating key systems across hospitals for smoother patient care, and standardizing information across regions to manage resources and patient transfers more effectively",
        "Wrapper": [
            {
                "Sub Groups": "System Deployment and Integration",
                "Catergories": "Unified Platforms",
                "Groups": "System merger",
                "Sub Catergories": "Infrastructure",
                "Factors": "Integration of systems"
            },
            {
                "Sub Groups": "Open data",
                "Catergories": "Open Access",
                "Groups": "Open data",
                "Sub Catergories": "Application",
                "Factors": "Information accessibility"
            },
            {
                "Sub Groups": "Asset allocation",
                "Catergories": "Resource Allocation Tools",
                "Groups": "Asset allocation",
                "Sub Catergories": "Business",
                "Factors": "Resource management"
            },
            {
                "Sub Groups": "Data governance",
                "Catergories": "Data Standards",
                "Groups": "Data governance",
                "Sub Catergories": "Data",
                "Factors": "Standardized information"
            },
            {
                "Sub Groups": "Teamwork tools",
                "Catergories": "Stakeholder Engagement",
                "Groups": "Teamwork tools",
                "Sub Catergories": "Business",
                "Factors": "Collaboration"
            }
        ]
    },
    {
        "ID": 23,
        "Extracts": "Rolling out core systems across NSW will have big benefits. Everyone gains, but it's best when the whole state uses them. Standardized info will help NSW Health meet goals by improving patient care, ensuring timely access to services, and better coordination in the health system. Accurate data will help use resources better and manage future needs.",
        "Wrapper": [
            {
                "Sub Groups": "System Deployment and Integration",
                "Catergories": "Implementation Planning",
                "Groups": "Rollout plan",
                "Sub Catergories": "Application",
                "Factors": "Systems implementation"
            },
            {
                "Sub Groups": "Uniform interfaces",
                "Catergories": "Universal Access",
                "Groups": "Uniform interfaces",
                "Sub Catergories": "Application",
                "Factors": "Standardized information access"
            },
            {
                "Sub Groups": "Efficient usage",
                "Catergories": "Utilization Metrics",
                "Groups": "Efficient usage",
                "Sub Catergories": "Business",
                "Factors": "Resource utilization"
            },
            {
                "Sub Groups": "Forecasting",
                "Catergories": "Demand Forecasting",
                "Groups": "Forecasting",
                "Sub Catergories": "Business",
                "Factors": "Management of future demand"
            }
        ]
    },
    {
        "ID": 24,
        "Extracts": "A steady increase in demand for services is expected due to an aging population. In NSW, the number of people over 65 is growing quickly. Each year from 2012 to 2028, the percentage of older Australians is projected to rise by over 0.35 points annually, which is about four times the long-term average increase.",
        "Wrapper": [
            {
                "Sub Groups": "Data and Information Management",
                "Catergories": "Scalability",
                "Groups": "Scalability",
                "Sub Catergories": "Infrastructure",
                "Factors": "Increased services demand"
            },
            {
                "Sub Groups": "Operational efficiency",
                "Catergories": "Service Design",
                "Groups": "Operational efficiency",
                "Sub Catergories": "Application",
                "Factors": "Service delivery"
            },
            {
                "Sub Groups": "Futureproofing",
                "Catergories": "Future Planning",
                "Groups": "Futureproofing",
                "Sub Catergories": "Business",
                "Factors": "System projections"
            }
        ]
    },
    {
        "ID": 25,
        "Extracts": "Staff shortages in critical areas such as nursing and medicine Hospitals running at maximum capacity",
        "Wrapper": [
            {
                "Sub Groups": "System Maintenance and Support",
                "Catergories": "Workforce Planning",
                "Groups": "Recruitment",
                "Sub Catergories": "Business",
                "Factors": "Staff shortages"
            },
            {
                "Sub Groups": "Focus areas",
                "Catergories": "Priority Services",
                "Groups": "Focus areas",
                "Sub Catergories": "Business",
                "Factors": "Critical areas"
            },
            {
                "Sub Groups": "Data expansion",
                "Catergories": "User Scalability",
                "Groups": "Data expansion",
                "Sub Catergories": "Infrastructure",
                "Factors": "User capacity"
            }
        ]
    },
    {
        "ID": 26,
        "Extracts": "The rate of chronic diseases like heart disease, lung disease, diabetes, and cancer is rising. Obesity is becoming more common among young people, and our increasingly globalized society raises the risk of pandemics.",
        "Wrapper": [
            {
                "Sub Groups": "Data and Information Management",
                "Catergories": "Data Collection",
                "Groups": "Load balancing",
                "Sub Catergories": "Data",
                "Factors": "Increase database"
            },
            {
                "Sub Groups": "Capacity planning",
                "Catergories": "Scalability",
                "Groups": "Capacity planning",
                "Sub Catergories": "Infrastructure",
                "Factors": "Rising system usage"
            },
            {
                "Sub Groups": "Knowledge base",
                "Catergories": "Capacity Planning",
                "Groups": "Knowledge base",
                "Sub Catergories": "Infrastructure",
                "Factors": "Future system demand"
            }
        ]
    },
    {
        "ID": 27,
        "Extracts": "An increasing body of medical knowledge that staff cannot manage and\nuse without advanced IT systems",
        "Wrapper": [
            {
                "Sub Groups": "Data and Information Management",
                "Catergories": "KM Systems",
                "Groups": "Technological innovation",
                "Sub Catergories": "Application",
                "Factors": "Knowledge management"
            },
            {
                "Sub Groups": "Cost-benefit analysis",
                "Catergories": "Digital Modernization",
                "Groups": "Cost-benefit analysis",
                "Sub Catergories": "Infrastructure",
                "Factors": "IT system advancement"
            }
        ]
    },
    {
        "ID": 28,
        "Extracts": "Health services are increasingly challenged by more expensive medical technologies and pharmaceuticals",
        "Wrapper": [
            {
                "Sub Groups": "Future Planning and System Demand",
                "Catergories": "Cost Analysis",
                "Groups": "Cost control",
                "Sub Catergories": "Infrastructure",
                "Factors": "Expensive technologies"
            },
            {
                "Sub Groups": "Education",
                "Catergories": "Procurement Strategy",
                "Groups": "Education",
                "Sub Catergories": "Business",
                "Factors": "Costly materials"
            }
        ]
    },
    {
        "ID": 29,
        "Extracts": "Consumers are becoming more informed, have higher expectations and more complex problems",
        "Wrapper": [
            {
                "Sub Groups": "System Deployment and Integration",
                "Catergories": "Health Literacy Tools",
                "Groups": "Customer satisfaction",
                "Sub Catergories": "Application",
                "Factors": "Informed consumers"
            },
            {
                "Sub Groups": "Problem-solving",
                "Catergories": "Stakeholder Engagement",
                "Groups": "Problem-solving",
                "Sub Catergories": "Business",
                "Factors": "High expectations"
            },
            {
                "Sub Groups": "Compliance audits",
                "Catergories": "Case Management Systems",
                "Groups": "Compliance audits",
                "Sub Catergories": "Application",
                "Factors": "Complex needs problems"
            }
        ]
    },
    {
        "ID": 30,
        "Extracts": "Quality and safety standards are being challenged as demand increases and staff numbers decrease. For instance, from 2000 to 2005, NSW hospitals had an average occupancy of 93%. Some metropolitan hospitals had surgical and medical wards with 95-98% occupancy, while 85% is considered a much safer level.",
        "Wrapper": [
            {
                "Sub Groups": "Operational Effectiveness and Efficiency",
                "Catergories": "Compliance Framework",
                "Groups": "Load testing",
                "Sub Catergories": "Business",
                "Factors": "Quality & Safety standards"
            },
            {
                "Sub Groups": "Occupational safety",
                "Catergories": "System Scalability",
                "Groups": "Occupational safety",
                "Sub Catergories": "Infrastructure",
                "Factors": "High user rates"
            },
            {
                "Sub Groups": "SOPs",
                "Catergories": "Occupational Safety",
                "Groups": "SOPs",
                "Sub Catergories": "Infrastructure",
                "Factors": "Safe working capacity"
            }
        ]
    },
    {
        "ID": 31,
        "Extracts": "The key factors that cause these adverse events are:\n_x0001_ Communication\n_x0001_ Policies and procedures\n_x0001_ Knowledge, skills and competence issues\n_x0001_ Work scheduling",
        "Wrapper": [
            {
                "Sub Groups": "Standardization and Streamlining Processes",
                "Catergories": "Communication Tools",
                "Groups": "Collaboration tools",
                "Sub Catergories": "Application",
                "Factors": "Communication"
            },
            {
                "Sub Groups": "Training programs",
                "Catergories": "Governance",
                "Groups": "Training programs",
                "Sub Catergories": "Business",
                "Factors": "Policies & Procedures"
            },
            {
                "Sub Groups": "Roster management",
                "Catergories": "Workforce Development",
                "Groups": "Roster management",
                "Sub Catergories": "Business",
                "Factors": "Skills and competence"
            },
            {
                "Sub Groups": "System investment",
                "Catergories": "Scheduling Tools",
                "Groups": "System investment",
                "Sub Catergories": "Application",
                "Factors": "Work scheduling"
            }
        ]
    },
    {
        "ID": 32,
        "Extracts": "Clinical ICT is becoming an increasingly important enabler of health\nsystem reform, yet the core systems to underpin reform are not\ncurrently in place.",
        "Wrapper": [
            {
                "Sub Groups": "System and Technology Improvement",
                "Catergories": "System Deficit",
                "Groups": "Overhaul",
                "Sub Catergories": "Infrastructure",
                "Factors": "Lack of core ICT systems"
            },
            {
                "Sub Groups": "Budget reallocation",
                "Catergories": "Modernization Strategy",
                "Groups": "Budget reallocation",
                "Sub Catergories": "Business",
                "Factors": "System reform"
            }
        ]
    },
    {
        "ID": 33,
        "Extracts": "Constraints in capital and recurrent funding, skilled project\nmanagement and implementation resources and capacity of the health\nsystems to accommodate large scale change all restrict the potential\nspeed of implementation of core systems.",
        "Wrapper": [
            {
                "Sub Groups": "Consumer Experience and Support",
                "Catergories": "Budget Constraints",
                "Groups": "PMP certification",
                "Sub Catergories": "Business",
                "Factors": "Constraints in funding"
            },
            {
                "Sub Groups": "Change management",
                "Catergories": "Project Capability",
                "Groups": "Change management",
                "Sub Catergories": "Business",
                "Factors": "Skilled project management"
            },
            {
                "Sub Groups": "Prioritization",
                "Catergories": "Change Readiness",
                "Groups": "Prioritization",
                "Sub Catergories": "Business",
                "Factors": "Capacity for large-scale change"
            }
        ]
    },
    {
        "ID": 34,
        "Extracts": "There are many competing demands for ICT funds. Deciding which projects to prioritize and schedule is complex and needs ongoing review to ensure funds are allocated where they will be most beneficial.",
        "Wrapper": [
            {
                "Sub Groups": "Consumer Experience and Support",
                "Catergories": "Budget Management",
                "Groups": "Value assessment",
                "Sub Catergories": "Business",
                "Factors": "Competing demands for ICT funds"
            },
            {
                "Sub Groups": "Gantt charts",
                "Catergories": "Prioritization Matrix",
                "Groups": "Gantt charts",
                "Sub Catergories": "Business",
                "Factors": "Priority determination"
            },
            {
                "Sub Groups": "Problem clustering",
                "Catergories": "Project Management",
                "Groups": "Problem clustering",
                "Sub Catergories": "Business",
                "Factors": "Project scheduling complexity"
            }
        ]
    },
    {
        "ID": 35,
        "Extracts": "NSW Health needs to change how it delivers services to meet these challenges. They've started a big reform program and need the right IT solutions to support staff and make these changes last",
        "Wrapper": [
            {
                "Sub Groups": "Consumer Experience and Support",
                "Catergories": "Integrated Service Design",
                "Groups": "Risk mitigation",
                "Sub Catergories": "Application",
                "Factors": "Convergence of issues"
            },
            {
                "Sub Groups": "Transformation",
                "Catergories": "Risk Register",
                "Groups": "Transformation",
                "Sub Catergories": "Business",
                "Factors": "Significant risk environment"
            },
            {
                "Sub Groups": "Talent acquisition",
                "Catergories": "Service Innovation",
                "Groups": "Talent acquisition",
                "Sub Catergories": "Business",
                "Factors": "Need for service delivery change"
            }
        ]
    },
    {
        "ID": 36,
        "Extracts": "NSW Health is responding to big challenges like more people needing healthcare and not enough staff. They're looking at what the government wants, like improving mental health and using better technology. That helps them decide what to do next and where to spend money.",
        "Wrapper": [
            {
                "Sub Groups": "System Deployment and Integration",
                "Catergories": "Service Planning",
                "Groups": "Policy alignment",
                "Sub Catergories": "Business",
                "Factors": "Demand for services"
            },
            {
                "Sub Groups": "Talent acquisition",
                "Catergories": "Business Process Management",
                "Groups": "Talent acquisition",
                "Sub Catergories": "Application",
                "Factors": "Workforce shortages"
            },
            {
                "Sub Groups": "Policy alignment",
                "Catergories": "Policy Objectives",
                "Groups": "Policy alignment",
                "Sub Catergories": "Business",
                "Factors": "Government priorities"
            },
            {
                "Sub Groups": "IT roadmaps",
                "Catergories": "Implementation Roadmap",
                "Groups": "IT roadmaps",
                "Sub Catergories": "Business",
                "Factors": "ICT strategies"
            }
        ]
    },
    {
        "ID": 37,
        "Extracts": "The Results and Services Plan guides everything in NSW Health. There are other plans helping out too. The ICT Strategic Plan is one of them, making sure it works well with the main plan. They also look at what the whole government and the country are doing.",
        "Wrapper": [
            {
                "Sub Groups": "Business Alignment",
                "Catergories": "Results-Based Planning",
                "Groups": "Goal alignment",
                "Sub Catergories": "Business",
                "Factors": "Alignment with Results and Services Plan"
            },
            {
                "Sub Groups": "Strategic backing",
                "Catergories": "Strategic Support",
                "Groups": "Strategic backing",
                "Sub Catergories": "Business",
                "Factors": "Support for strategic programs"
            },
            {
                "Sub Groups": "Change alignment",
                "Catergories": "Change Management",
                "Groups": "Change alignment",
                "Sub Catergories": "Business",
                "Factors": "Alignment with reform programs"
            },
            {
                "Sub Groups": "Holistic approach",
                "Catergories": "Policy Alignment",
                "Groups": "Holistic approach",
                "Sub Catergories": "Business",
                "Factors": "Consideration of whole-of-government strategies"
            }
        ]
    },
    {
        "ID": 38,
        "Extracts": "The RSP is NSW Health's main plan to tackle challenges. They have four main goals:\nKeep people healthy\nProvide needed healthcare\nDeliver top-quality services\nManage health services well\n\nTo achieve these, they focus on seven key directions:\nGet everyone involved in prevention\nImprove people's healthcare experiences\nStrengthen community care\nWork with others for better health\nMake wise choices about healthcare costs\nBuild a strong healthcare workforce\nStay prepared for new challenges and chances",
        "Wrapper": [
            {
                "Sub Groups": "Financial Management and Budgeting",
                "Catergories": "Early Intervention Tools",
                "Groups": "Proactive measures",
                "Sub Catergories": "Application",
                "Factors": "Preventative solutions"
            },
            {
                "Sub Groups": "UX design",
                "Catergories": "UX Design",
                "Groups": "UX design",
                "Sub Catergories": "Application",
                "Factors": "User experience"
            },
            {
                "Sub Groups": "Long-term planning",
                "Catergories": "Forecasting",
                "Groups": "Long-term planning",
                "Sub Catergories": "Business",
                "Factors": "Future benefits"
            },
            {
                "Sub Groups": "Stakeholder engagement",
                "Catergories": "Stakeholder Engagement",
                "Groups": "Stakeholder engagement",
                "Sub Catergories": "Business",
                "Factors": "Strengthening relationships"
            },
            {
                "Sub Groups": "Expense management",
                "Catergories": "Service Costing",
                "Groups": "Expense management",
                "Sub Catergories": "Business",
                "Factors": "Costs of services"
            },
            {
                "Sub Groups": "HR planning",
                "Catergories": "HR Strategy",
                "Groups": "HR planning",
                "Sub Catergories": "Business",
                "Factors": "Sustainable Workforce"
            },
            {
                "Sub Groups": "Risk forecasting",
                "Catergories": "Risk Assessment",
                "Groups": "Risk forecasting",
                "Sub Catergories": "Business",
                "Factors": "New risk potential"
            }
        ]
    },
    {
        "ID": 39,
        "Extracts": "NSW Health wants to prevent sickness and promote good health habits. They're focusing on getting more people vaccinated and helping those at risk for diseases like diabetes. ICT can help by sending alerts about things like missed vaccinations or overdue check-ups",
        "Wrapper": [
            {
                "Sub Groups": "Risk Identification and Management",
                "Catergories": "Risk Mitigation",
                "Groups": "Preventive measures",
                "Sub Catergories": "Application",
                "Factors": "Reducing risk factors"
            },
            {
                "Sub Groups": "Customer care",
                "Catergories": "Risk Management",
                "Groups": "Customer care",
                "Sub Catergories": "Application",
                "Factors": "Preventing consumer issues"
            },
            {
                "Sub Groups": "Targeted support",
                "Catergories": "Predictive Analytics",
                "Groups": "Targeted support",
                "Sub Catergories": "Application",
                "Factors": "Interventions for high-risk consumers"
            }
        ]
    },
    {
        "ID": 40,
        "Extracts": "NSW Health wants to make sure everyone gets the care they need, when they need it. They're using tech to support new ways of caring for people and making sure changes stick. Better info during your care journey means a better experience and getting the right care.",
        "Wrapper": [
            {
                "Sub Groups": "Business Alignment",
                "Catergories": "Service Availability",
                "Groups": "Service uptime",
                "Sub Catergories": "Infrastructure",
                "Factors": "Availability of services"
            },
            {
                "Sub Groups": "Performance metrics",
                "Catergories": "Service Evaluation",
                "Groups": "Performance metrics",
                "Sub Catergories": "Business",
                "Factors": "Effectiveness of services"
            },
            {
                "Sub Groups": "Integrated care",
                "Catergories": "Care Coordination Systems",
                "Groups": "Integrated care",
                "Sub Catergories": "Application",
                "Factors": "Coordination of care"
            },
            {
                "Sub Groups": "Innovative healthcare",
                "Catergories": "Model of Care",
                "Groups": "Innovative healthcare",
                "Sub Catergories": "Business",
                "Factors": "Supporting new care models"
            },
            {
                "Sub Groups": "Continuous improvement",
                "Catergories": "Long-Term Planning",
                "Groups": "Continuous improvement",
                "Sub Catergories": "Business",
                "Factors": "Sustainability of reform"
            },
            {
                "Sub Groups": "Data mapping",
                "Catergories": "Journey Mapping",
                "Groups": "Data mapping",
                "Sub Catergories": "Application",
                "Factors": "Information flow along consumer journey"
            },
            {
                "Sub Groups": "UX enhancement",
                "Catergories": "UX Design",
                "Groups": "UX enhancement",
                "Sub Catergories": "Application",
                "Factors": "Consumer experience improvement"
            },
            {
                "Sub Groups": "Tailored services",
                "Catergories": "Service Design",
                "Groups": "Tailored services",
                "Sub Catergories": "Application",
                "Factors": "Appropriate consumer delivery"
            }
        ]
    },
    {
        "ID": 41,
        "Extracts": "NSW Health aims to improve healthcare by working better together. They're using tech to help everyone collaborate and use resources wisely. That means better tools for healthcare workers and making sure everyone gets great care.",
        "Wrapper": [
            {
                "Sub Groups": "Compliance and Governance",
                "Catergories": "Process Optimization",
                "Groups": "Process simplification",
                "Sub Catergories": "Application",
                "Factors": "Complexity and duplication in service delivery"
            },
            {
                "Sub Groups": "Teamwork enhancement",
                "Catergories": "Collaboration Tools",
                "Groups": "Teamwork enhancement",
                "Sub Catergories": "Application",
                "Factors": "Need for improved collaboration"
            },
            {
                "Sub Groups": "Integrated systems",
                "Catergories": "Workflow Systems",
                "Groups": "Integrated systems",
                "Sub Catergories": "Application",
                "Factors": "Enhancement of coordination"
            },
            {
                "Sub Groups": "Quality assurance",
                "Catergories": "Continuous Improvement",
                "Groups": "Quality assurance",
                "Sub Catergories": "Business",
                "Factors": "Quality and safety improvement"
            },
            {
                "Sub Groups": "Optimal allocation",
                "Catergories": "Resource Optimization",
                "Groups": "Optimal allocation",
                "Sub Catergories": "Infrastructure",
                "Factors": "Appropriate resource utilization"
            }
        ]
    },
    {
        "ID": 42,
        "Extracts": "The NSW Government's IT setup influences NSW Health's ICT plan. They aim to make sure NSW initiatives match up with and sometimes even help shape national and statewide plans",
        "Wrapper": [
            {
                "Sub Groups": "Financial Management and Budgeting",
                "Catergories": "Risk and Opportunity Analysis",
                "Groups": "SWOT analysis",
                "Sub Catergories": "Business",
                "Factors": "Constraints and opportunities"
            },
            {
                "Sub Groups": "Policy coherence",
                "Catergories": "Policy Compliance",
                "Groups": "Policy coherence",
                "Sub Catergories": "Business",
                "Factors": "Alignment with national initiatives"
            }
        ]
    },
    {
        "ID": 43,
        "Extracts": "The NSW Government is changing how they use computers and stuff. They want to save money on the boring tech stuff while keeping important services running smoothly. They're spending more on technology for important services and finding ways to save money with computers. This means using one fund for all tech needs, having a plan for the whole state, using fewer computer programs, sharing tech, and buying things together.",
        "Wrapper": [
            {
                "Sub Groups": "System and Technology Improvement",
                "Catergories": "Innovation Strategy",
                "Groups": "Tech trends",
                "Sub Catergories": "Business",
                "Factors": "New directions for IT"
            },
            {
                "Sub Groups": "Leadership vision",
                "Catergories": "Strategic Goals",
                "Groups": "Leadership vision",
                "Sub Catergories": "Business",
                "Factors": "Primary goals of Executive Council"
            }
        ]
    },
    {
        "ID": 44,
        "Extracts": "COAG is a group working on important national stuff like mental health, healthcare workers, flu plans, and electronic health records. They're making big plans for healthcare, like making hospitals better and helping people stay healthy. This ICT plan is part of making those plans work by improving healthcare in hospitals and communities",
        "Wrapper": [
            {
                "Sub Groups": "System Deployment and Integration",
                "Catergories": "Policy Objectives",
                "Groups": "Policy alignment",
                "Sub Catergories": "Business",
                "Factors": "Government priorities"
            },
            {
                "Sub Groups": "Change strategy",
                "Catergories": "Change Strategy",
                "Groups": "Change strategy",
                "Sub Catergories": "Business",
                "Factors": "Reform agenda"
            },
            {
                "Sub Groups": "Organizational change",
                "Catergories": "Change Initiatives",
                "Groups": "Organizational change",
                "Sub Catergories": "Business",
                "Factors": "Business reform"
            },
            {
                "Sub Groups": "Inclusive services",
                "Catergories": "Inclusive Design",
                "Groups": "Inclusive services",
                "Sub Catergories": "Application",
                "Factors": "Improvements to Indigenous consumers"
            },
            {
                "Sub Groups": "Early intervention",
                "Catergories": "Preventive Care Systems",
                "Groups": "Early intervention",
                "Sub Catergories": "Application",
                "Factors": "Preventative services"
            }
        ]
    },
    {
        "ID": 45,
        "Extracts": "The eHealth initiative involves all states, territories, and the Australian Government. It began in 2000 to set up e-health across Australia. The Australian Government has invested $128 million in e-health projects across the country, plus an extra $10 million in 2005 for managed health network grants. The aim is to make sure everyone works together, with consistent approaches to eHealth, creating a national health information network. The program also helps make the right rules for eHealth initiatives.",
        "Wrapper": [
            {
                "Sub Groups": "Collaboration and Communication",
                "Catergories": "Interagency Cooperation",
                "Groups": "Cross-border teamwork",
                "Sub Catergories": "Business",
                "Factors": "Collaboration across jurisdictions"
            },
            {
                "Sub Groups": "Uniform methods",
                "Catergories": "System Architecture",
                "Groups": "Uniform methods",
                "Sub Catergories": "Infrastructure",
                "Factors": "Consistency in systems approaches"
            },
            {
                "Sub Groups": "Centralized data",
                "Catergories": "National Infrastructure",
                "Groups": "Centralized data",
                "Sub Catergories": "Infrastructure",
                "Factors": "National information network"
            },
            {
                "Sub Groups": "Legal compliance",
                "Catergories": "Policy Environment",
                "Groups": "Legal compliance",
                "Sub Catergories": "Business",
                "Factors": "Regulatory frameworks"
            }
        ]
    },
    {
        "ID": 46,
        "Extracts": "focuses on developing national health information management and communication technology standards. Its work includes creating frameworks for interoperability, standardizing clinical communications, establishing unique healthcare identifiers, and preparing standards for individual electronic health records, identity management, secure messaging, and supply chain management.",
        "Wrapper": [
            {
                "Sub Groups": "Implementation Challenges and Delays",
                "Catergories": "Compliance and Standards",
                "Groups": "Protocol adherence",
                "Sub Catergories": "Infrastructure",
                "Factors": "ICT standards"
            },
            {
                "Sub Groups": "IT blueprint",
                "Catergories": "Long-term Planning",
                "Groups": "IT blueprint",
                "Sub Catergories": "Business",
                "Factors": "ICT strategic plan"
            },
            {
                "Sub Groups": "API integration",
                "Catergories": "Standards-based Integration",
                "Groups": "API integration",
                "Sub Catergories": "Infrastructure",
                "Factors": "Interoperability"
            },
            {
                "Sub Groups": "Data governance",
                "Catergories": "Data Standards",
                "Groups": "Data governance",
                "Sub Catergories": "Data",
                "Factors": "Standardized information"
            },
            {
                "Sub Groups": "Identity codes",
                "Catergories": "Identity Management",
                "Groups": "Identity codes",
                "Sub Catergories": "Data",
                "Factors": "Unique Identifiers"
            },
            {
                "Sub Groups": "Personal data",
                "Catergories": "Digital Health Records",
                "Groups": "Personal data",
                "Sub Catergories": "Application",
                "Factors": "Individual Electronic Record"
            },
            {
                "Sub Groups": "Security protocols",
                "Catergories": "IAM",
                "Groups": "Security protocols",
                "Sub Catergories": "Infrastructure",
                "Factors": "Identity management standards"
            },
            {
                "Sub Groups": "Encrypted communication",
                "Catergories": "Encrypted Communication",
                "Groups": "Encrypted communication",
                "Sub Catergories": "Application",
                "Factors": "Secure messaging"
            },
            {
                "Sub Groups": "Logistics control",
                "Catergories": "Logistics Systems",
                "Groups": "Logistics control",
                "Sub Catergories": "Application",
                "Factors": "Supply chain management"
            }
        ]
    },
    {
        "ID": 47,
        "Extracts": "To tackle challenges and prepare for the future, NSW Health is changing how it delivers services. Implementing IT solutions to support staff and integrate business processes is key for sustainable service delivery changes.",
        "Wrapper": [
            {
                "Sub Groups": "Financial Management and Budgeting",
                "Catergories": "Organizational Change",
                "Groups": "Business transformation",
                "Sub Catergories": "Business",
                "Factors": "Corporate reform program"
            },
            {
                "Sub Groups": "IT overhaul",
                "Catergories": "Transformation Planning",
                "Groups": "IT overhaul",
                "Sub Catergories": "Business",
                "Factors": "ICT reform program"
            },
            {
                "Sub Groups": "Tech deployment",
                "Catergories": "Rollout Process",
                "Groups": "Tech deployment",
                "Sub Catergories": "Application",
                "Factors": "Implementation of IT solutions"
            }
        ]
    },
    {
        "ID": 48,
        "Extracts": "NEHTA makes sure health info works the same way everywhere in Australia. They're working on stuff like making sure doctors' notes and patient info look the same everywhere. They're also setting up a single ID for healthcare and getting ready for a national health record system. Plus, they're making sure the stuff doctors send each other is safe, and helping with buying healthcare stuff",
        "Wrapper": [
            {
                "Sub Groups": "Collaboration and Communication",
                "Catergories": "ICT Strategic Planning",
                "Groups": "IT planning",
                "Sub Catergories": "Business",
                "Factors": "Development of ICT strategy"
            },
            {
                "Sub Groups": "Capital focus",
                "Catergories": "Priority Setting",
                "Groups": "Capital focus",
                "Sub Catergories": "Business",
                "Factors": "Investment priorities"
            },
            {
                "Sub Groups": "Financial planning",
                "Catergories": "Financial Planning",
                "Groups": "Financial planning",
                "Sub Catergories": "Business",
                "Factors": "Budget negotiation"
            },
            {
                "Sub Groups": "Execution",
                "Catergories": "Execution Management",
                "Groups": "Execution",
                "Sub Catergories": "Business",
                "Factors": "Program delivery"
            }
        ]
    },
    {
        "ID": 49,
        "Extracts": "Health Support Services sets up and maintains key computer systems for healthcare. They give specific IT help to Area Health Services as defined by the law. This includes managing computers, software, and helping with setting up systems.",
        "Wrapper": [
            {
                "Sub Groups": "Policy and Organizational Reform",
                "Catergories": "Operational Support",
                "Groups": "Service scope",
                "Sub Catergories": "Business",
                "Factors": "Responsibilities of Support Services"
            },
            {
                "Sub Groups": "System rollout",
                "Catergories": "Deployment",
                "Groups": "System rollout",
                "Sub Catergories": "Application",
                "Factors": "Implementation of system"
            },
            {
                "Sub Groups": "Upkeep",
                "Catergories": "System Operations",
                "Groups": "Upkeep",
                "Sub Catergories": "Infrastructure",
                "Factors": "Maintenance of systems"
            },
            {
                "Sub Groups": "Customer service",
                "Catergories": "Service Desk",
                "Groups": "Customer service",
                "Sub Catergories": "Application",
                "Factors": "Support for Consumers"
            },
            {
                "Sub Groups": "Device control",
                "Catergories": "Asset Management",
                "Groups": "Device control",
                "Sub Catergories": "Infrastructure",
                "Factors": "Hardware management"
            },
            {
                "Sub Groups": "Application administration",
                "Catergories": "Version Control",
                "Groups": "Application administration",
                "Sub Catergories": "Application",
                "Factors": "Software management"
            }
        ]
    },
    {
        "ID": 50,
        "Extracts": "Area Health Services are responsible for the management of local\nimplementations, change management and training of staff and benefits\nrealisation.",
        "Wrapper": [
            {
                "Sub Groups": "Policy and Organizational Reform",
                "Catergories": "Service Charter",
                "Groups": "Service tasks",
                "Sub Catergories": "Business",
                "Factors": "Responsibilities of Services"
            },
            {
                "Sub Groups": "Regional rollout",
                "Catergories": "Site-Specific Rollouts",
                "Groups": "Regional rollout",
                "Sub Catergories": "Business",
                "Factors": "Local implementations"
            },
            {
                "Sub Groups": "Transition planning",
                "Catergories": "Transition Planning",
                "Groups": "Transition planning",
                "Sub Catergories": "Business",
                "Factors": "Change management"
            },
            {
                "Sub Groups": "Employee development",
                "Catergories": "Professional Development",
                "Groups": "Employee development",
                "Sub Catergories": "Business",
                "Factors": "Staff training"
            },
            {
                "Sub Groups": "Outcome tracking",
                "Catergories": "Benefits Management",
                "Groups": "Outcome tracking",
                "Sub Catergories": "Business",
                "Factors": "Benefits realization"
            }
        ]
    },
    {
        "ID": 51,
        "Extracts": "They pick the most important projects and invest wisely for the health system. We work together on ICT stuff and have clear rules. This helps us decide what to build and how to run things",
        "Wrapper": [
            {
                "Sub Groups": "Risk Identification and Management",
                "Catergories": "Portfolio Management",
                "Groups": "Strategic focus",
                "Sub Catergories": "Business",
                "Factors": "Prioritization of programs and projects"
            },
            {
                "Sub Groups": "ROI analysis",
                "Catergories": "ROI Analysis",
                "Groups": "ROI analysis",
                "Sub Catergories": "Business",
                "Factors": "Sound investment decisions"
            },
            {
                "Sub Groups": "Value creation",
                "Catergories": "Organizational Value",
                "Groups": "Value creation",
                "Sub Catergories": "Business",
                "Factors": "Benefit to the organization"
            },
            {
                "Sub Groups": "Standardization",
                "Catergories": "Process Standardization",
                "Groups": "Standardization",
                "Sub Catergories": "Application",
                "Factors": "Common processes across ICT"
            },
            {
                "Sub Groups": "Team structure",
                "Catergories": "Governance Structure",
                "Groups": "Team structure",
                "Sub Catergories": "Business",
                "Factors": "Collaborative framework"
            }
        ]
    },
    {
        "ID": 52,
        "Extracts": "NSW Health uses a coordinated approach to manage ICT projects. This helps us evaluate, prioritize, select, and monitor programs and projects. We adjust as needed to meet our business goals.",
        "Wrapper": [
            {
                "Sub Groups": "Consumer Experience and Support",
                "Catergories": "Project Metrics",
                "Groups": "Performance metrics",
                "Sub Catergories": "Business",
                "Factors": "Evaluation criteria"
            },
            {
                "Sub Groups": "Task ranking",
                "Catergories": "Decision Framework",
                "Groups": "Task ranking",
                "Sub Catergories": "Business",
                "Factors": "Prioritization"
            },
            {
                "Sub Groups": "Supervision",
                "Catergories": "System Monitoring",
                "Groups": "Supervision",
                "Sub Catergories": "Application",
                "Factors": "Monitoring"
            },
            {
                "Sub Groups": "Goal fulfillment",
                "Catergories": "Strategic Alignment",
                "Groups": "Goal fulfillment",
                "Sub Catergories": "Business",
                "Factors": "Achieving business priorities"
            }
        ]
    },
    {
        "ID": 53,
        "Extracts": "They have set ways of doing things that support our ICT plan. These cover every step of a project's life.",
        "Wrapper": [
            {
                "Sub Groups": "Standardization and Streamlining Processes",
                "Catergories": "ITIL / SOPs",
                "Groups": "Uniform methods",
                "Sub Catergories": "Business",
                "Factors": "Standardizing processes across ICT"
            },
            {
                "Sub Groups": "Best practices",
                "Catergories": "Best Practices",
                "Groups": "Best practices",
                "Sub Catergories": "Business",
                "Factors": "Guidelines application"
            }
        ]
    },
    {
        "ID": 54,
        "Extracts": "To make the strategy work, NSW Health collaborates with the Department of Health, Area Health Services, Health Technology, and third-party providers, using shared decision-making processes and building core applications at the state level",
        "Wrapper": [
            {
                "Sub Groups": "Standardization and Streamlining Processes",
                "Catergories": "Joint Program Delivery",
                "Groups": "Joint execution",
                "Sub Catergories": "Business",
                "Factors": "Collaborative implementation"
            },
            {
                "Sub Groups": "Unified policies",
                "Catergories": "Governance Integration",
                "Groups": "Unified policies",
                "Sub Catergories": "Business",
                "Factors": "Integration of governance models"
            },
            {
                "Sub Groups": "Standard coding",
                "Catergories": "Dev Standards",
                "Groups": "Standard coding",
                "Sub Catergories": "Application",
                "Factors": "Consistency in application development"
            }
        ]
    },
    {
        "ID": 55,
        "Extracts": "Applications and projects are categorized as core, common, or divergent, influencing their prioritization, funding, and management, with core ones managed by the Department, common ones collaboratively, and divergent ones allowing for innovative solutions to local needs.",
        "Wrapper": [
            {
                "Sub Groups": "Collaboration and Communication",
                "Catergories": "Application Architecture",
                "Groups": "App taxonomy",
                "Sub Catergories": "Application",
                "Factors": "Classification of applications"
            },
            {
                "Sub Groups": "App lifecycle",
                "Catergories": "App Lifecycle",
                "Groups": "App lifecycle",
                "Sub Catergories": "Application",
                "Factors": "Management of applications"
            },
            {
                "Sub Groups": "Asset allocation",
                "Catergories": "Resource Allocation Tools",
                "Groups": "Asset allocation",
                "Sub Catergories": "Business",
                "Factors": "Resource management"
            },
            {
                "Sub Groups": "Results tracking",
                "Catergories": "Outcome Measurement",
                "Groups": "Results tracking",
                "Sub Catergories": "Business",
                "Factors": "Achieving outcomes"
            }
        ]
    },
    {
        "ID": 56,
        "Extracts": "The Project Governance framework makes sure projects do what they're supposed to and deliver the benefits they promised. It helps NSW Health focus on the right projects and ensures they're done correctly. This way, strategy and delivery stay connected, reducing risks for the whole portfolio",
        "Wrapper": [
            {
                "Sub Groups": "Business Alignment",
                "Catergories": "Business Case",
                "Groups": "Strategic alignment",
                "Sub Catergories": "Business",
                "Factors": "Alignment with business benefits"
            },
            {
                "Sub Groups": "Risk assessment",
                "Catergories": "Risk Management Tools",
                "Groups": "Risk assessment",
                "Sub Catergories": "Business",
                "Factors": "Risk Identification"
            },
            {
                "Sub Groups": "Execution gap",
                "Catergories": "Execution Gap",
                "Groups": "Execution gap",
                "Sub Catergories": "Business",
                "Factors": "Disconnect of strategy and implementation"
            }
        ]
    },
    {
        "ID": 57,
        "Extracts": "In the Content Development phase, they design and build a prototype, then review it with clinicians. We use a method called Fast Track, which makes the process quicker. The prototype helps clinicians understand the application better and decide if it works for them",
        "Wrapper": [
            {
                "Sub Groups": "System Deployment and Integration",
                "Catergories": "Software Development Lifecycle",
                "Groups": "Workflow",
                "Sub Catergories": "Application",
                "Factors": "Development process"
            },
            {
                "Sub Groups": "Seamless adoption",
                "Catergories": "Methodological Compatibility",
                "Groups": "Seamless adoption",
                "Sub Catergories": "Business",
                "Factors": "Integration with existing methodology"
            },
            {
                "Sub Groups": "Data-driven choices",
                "Catergories": "Analytics & Reporting",
                "Groups": "Data-driven choices",
                "Sub Catergories": "Application",
                "Factors": "Informed decision-making"
            }
        ]
    },
    {
        "ID": 58,
        "Extracts": "In the Implementation phase, they're putting in the content decided by the state. Doing it all at once might seem like a lot, but it's the most efficient and cost-effective way. Using the Fast Track Method makes things quicker and cheaper, sticking to a standard design with state content. This means less hassle and less time spent learning for Area Health Services staff. Their team knows how to build the database, and doing things fast helps them stick to the plan without adding extra stuff.",
        "Wrapper": [
            {
                "Sub Groups": "Data and Information Management",
                "Catergories": "ECM (Enterprise Content Management)",
                "Groups": "CMS",
                "Sub Catergories": "Application",
                "Factors": "Large content management"
            },
            {
                "Sub Groups": "Limited resources",
                "Catergories": "Resource Bottlenecks",
                "Groups": "Limited resources",
                "Sub Catergories": "Business",
                "Factors": "Resource constraints"
            },
            {
                "Sub Groups": "Competence building",
                "Catergories": "LMS",
                "Groups": "Competence building",
                "Sub Catergories": "Application",
                "Factors": "Skills / Training"
            },
            {
                "Sub Groups": "Project control",
                "Catergories": "Project Governance",
                "Groups": "Project control",
                "Sub Catergories": "Business",
                "Factors": "Scope creep"
            }
        ]
    },
    {
        "ID": 59,
        "Extracts": "The SBB uses a maturity model to improve its features over time, with all Area Health Services contributing to each version, changes requiring approval from the majority of the Application Advisory Group, and new versions released annually, featuring required core functions, modifiable features, and local content.",
        "Wrapper": [
            {
                "Sub Groups": "Standardization and Streamlining Processes",
                "Catergories": "Accessibility",
                "Groups": "Inclusive access",
                "Sub Catergories": "Application",
                "Factors": "Equal system participation"
            },
            {
                "Sub Groups": "Process governance",
                "Catergories": "Governance",
                "Groups": "Process governance",
                "Sub Catergories": "Business",
                "Factors": "Change control process"
            },
            {
                "Sub Groups": "Customization",
                "Catergories": "Application Design",
                "Groups": "Customization",
                "Sub Catergories": "Application",
                "Factors": "Core functionality vs area-specific needs"
            }
        ]
    },
    {
        "ID": 60,
        "Extracts": "The Clinical Systems Strategy aims to implement essential clinical systems supporting Clinical Services Redesign, Quality and Safety initiatives, and clinical programs. It focuses on improving communication, reducing delays, and supporting patient care, ensuring resources are allocated flexibly to meet patient needs",
        "Wrapper": [
            {
                "Sub Groups": "Business Alignment",
                "Catergories": "Strategic Planning",
                "Groups": "Strategic fit",
                "Sub Catergories": "Business",
                "Factors": "Alignment"
            },
            {
                "Sub Groups": "Time management",
                "Catergories": "Timeline Risk",
                "Groups": "Time management",
                "Sub Catergories": "Business",
                "Factors": "Implementation delays"
            },
            {
                "Sub Groups": "Resource planning",
                "Catergories": "Resource Management",
                "Groups": "Resource planning",
                "Sub Catergories": "Business",
                "Factors": "Allocation of resources"
            }
        ]
    },
    {
        "ID": 61,
        "Extracts": "Three programs support the Clinical Systems Strategy: the Electronic Medical Record program for managing patients in hospitals, the Primary, Community, and Outpatient Care program for community care, and the Clinical Support program for essential support systems like Patient Administration and diagnostics.",
        "Wrapper": [
            {
                "Sub Groups": "Program and Project Management",
                "Catergories": "Program Oversight",
                "Groups": "Program oversight",
                "Sub Catergories": "Business",
                "Factors": "Management of programs"
            },
            {
                "Sub Groups": "System merger",
                "Catergories": "Unified Platforms",
                "Groups": "System merger",
                "Sub Catergories": "Infrastructure",
                "Factors": "Integration of systems"
            },
            {
                "Sub Groups": "System harmony",
                "Catergories": "Integration Architecture",
                "Groups": "System harmony",
                "Sub Catergories": "Infrastructure",
                "Factors": "Compatibility between systems"
            }
        ]
    },
    {
        "ID": 62,
        "Extracts": "The Corporate Systems Strategy sets up essential systems to support the Corporate Shared Services reform program, cutting duplication and costs in administrative tasks to redirect funds to frontline care, with the Corporate Systems program as its backbone.",
        "Wrapper": [
            {
                "Sub Groups": "System Deployment and Integration",
                "Catergories": "Centralization",
                "Groups": "Single platform",
                "Sub Catergories": "Infrastructure",
                "Factors": "Integration of unified systems"
            },
            {
                "Sub Groups": "Smooth transitions",
                "Catergories": "Business Continuity",
                "Groups": "Smooth transitions",
                "Sub Catergories": "Business",
                "Factors": "Disruption to processes"
            },
            {
                "Sub Groups": "Protection",
                "Catergories": "Cybersecurity",
                "Groups": "Protection",
                "Sub Catergories": "Infrastructure",
                "Factors": "Data security"
            },
            {
                "Sub Groups": "Confidentiality",
                "Catergories": "Privacy and Security",
                "Groups": "Confidentiality",
                "Sub Catergories": "Data",
                "Factors": "Data privacy"
            }
        ]
    },
    {
        "ID": 63,
        "Extracts": "The Business Information Strategy aims to provide timely, high-quality information throughout the organization, fostering a performance-driven culture. It helps turn data into insights, supports decision-making, aligns with strategic goals, ensures accountability, and follows the overall program and change management approach.",
        "Wrapper": [
            {
                "Sub Groups": "Operational Effectiveness and Efficiency",
                "Catergories": "Responsiveness",
                "Groups": "Punctuality",
                "Sub Catergories": "Business",
                "Factors": "Timeliness"
            },
            {
                "Sub Groups": "Data integrity",
                "Catergories": "Data Quality",
                "Groups": "Data integrity",
                "Sub Catergories": "Data",
                "Factors": "Accuracy of data"
            },
            {
                "Sub Groups": "Precise reports",
                "Catergories": "Reporting Systems",
                "Groups": "Precise reports",
                "Sub Catergories": "Application",
                "Factors": "Accuracy of Reporting"
            },
            {
                "Sub Groups": "Data fusion",
                "Catergories": "Data Interoperability",
                "Groups": "Data fusion",
                "Sub Catergories": "Data",
                "Factors": "Integration of data"
            },
            {
                "Sub Groups": "Single interface",
                "Catergories": "Platform Architecture",
                "Groups": "Single interface",
                "Sub Catergories": "Infrastructure",
                "Factors": "Unified platform"
            },
            {
                "Sub Groups": "Easy access",
                "Catergories": "Open Data / Interoperability",
                "Groups": "Easy access",
                "Sub Catergories": "Data",
                "Factors": "Data accessibility"
            },
            {
                "Sub Groups": "Confidentiality",
                "Catergories": "Privacy and Security",
                "Groups": "Confidentiality",
                "Sub Catergories": "Data",
                "Factors": "Data privacy"
            }
        ]
    },
    {
        "ID": 64,
        "Extracts": "Three programs support the Business Information Strategy: one delivers useful information to front-line staff, another integrates strategic frameworks and develops performance measures, and the third ensures systems can provide consistent data and sets up technical infrastructure",
        "Wrapper": [
            {
                "Sub Groups": "Program and Project Management",
                "Catergories": "Decision Framework",
                "Groups": "Task ranking",
                "Sub Catergories": "Business",
                "Factors": "Prioritization"
            },
            {
                "Sub Groups": "Strategic fit",
                "Catergories": "Strategic Planning",
                "Groups": "Strategic fit",
                "Sub Catergories": "Business",
                "Factors": "Alignment"
            },
            {
                "Sub Groups": "Supervision",
                "Catergories": "System Monitoring",
                "Groups": "Supervision",
                "Sub Catergories": "Application",
                "Factors": "Monitoring"
            }
        ]
    },
    {
        "ID": 65,
        "Extracts": "The Sustainable Infrastructure program aims to streamline technical infrastructure, establish and uphold standards and architecture for statewide ICT initiatives, and ensure maximum benefit from ICT investments.",
        "Wrapper": [
            {
                "Sub Groups": "Data and Information Management",
                "Catergories": "Infrastructure Optimization",
                "Groups": "Optimal systems",
                "Sub Catergories": "Infrastructure",
                "Factors": "Infrastructure efficiency"
            },
            {
                "Sub Groups": "Data governance",
                "Catergories": "Data Standards",
                "Groups": "Data governance",
                "Sub Catergories": "Data",
                "Factors": "Standardized information"
            },
            {
                "Sub Groups": "Best use",
                "Catergories": "Efficiency Tools",
                "Groups": "Best use",
                "Sub Catergories": "Infrastructure",
                "Factors": "Resource optimization"
            }
        ]
    },
    {
        "ID": 66,
        "Extracts": "The Sustainable Infrastructure program includes three parts: setting up infrastructure, establishing technical standards, and ensuring uniform data standards across systems in NSW.",
        "Wrapper": [
            {
                "Sub Groups": "System Deployment and Integration",
                "Catergories": "System Integration",
                "Groups": "Protocol compliance",
                "Sub Catergories": "Infrastructure",
                "Factors": "Infrastructure coherence"
            },
            {
                "Sub Groups": "High standards",
                "Catergories": "Compliance Management",
                "Groups": "High standards",
                "Sub Catergories": "Business",
                "Factors": "Standard adherence"
            },
            {
                "Sub Groups": "High standards",
                "Catergories": "Data Governance",
                "Groups": "High standards",
                "Sub Catergories": "Data",
                "Factors": "Data quality"
            }
        ]
    }
]