[{"ID":1,"Factors":"Performance monitoring\nProcess efficiency","Groups":"System Maintenance and Support\nOperational Effectiveness and Efficiency","Sub Groups":"Responsive Support\nProcess optimization","Catergories":"Performance Tuning\nApplication Categorization","Sub Catergories":"Monitoring tools, system optimization software, load balancers.\nMetadata repositories, CMDB systems, and application portfolio management tools.","Extracts":"NSW Health is changing how it does things to meet challenges. They're putting in a big program to fix clinical, corporate, and tech stuff. Getting the right IT tools is key to making sure these changes last. Before, they had a mess of different systems which made things harder and more expensive. Plus, some of their systems are ancient and hard to support"},{"ID":2,"Factors":"System interoperability","Groups":"Compliance and Governance","Sub Groups":"Regulatory adherence","Catergories":"System Architecture","Sub Catergories":"Cloud platforms, microservices, network topology management.","Extracts":"Because of all this, it's hard to share patient info and coordinate care properly. Managers struggle to get accurate info on how well the systems are doing. And keeping them running costs a lot of money."},{"ID":3,"Factors":"System compatibility\nSystem maintenance\nIntegration capabilities","Groups":"Standardization and Streamlining Processes\nSystem Maintenance and Support\nSystem Deployment and Integration","Sub Groups":"Consistent Excellence\nResponsive Support\nReliable Implementation","Catergories":"Standards Adherence\nRisk and Opportunity Analysis\nChange Initiatives","Sub Catergories":"Code quality tools, compliance software, audit management systems.\nRisk management platforms, SWOT analysis tools, scenario planning software.\nChange management software, communication platforms, project tracking tools.","Extracts":"This setup could harm the long-term success of the Clinical Services Redesign and Corporate Shared Services. So, they're reshaping the ICT program to fit these reforms better. They're aiming to connect scattered information and tech and quickly support both clinical and corporate changes."},{"ID":4,"Factors":"Strategic alignment\nProcess efficiency\nIntegration capabilities\nSustainability initiatives\nCompliance & regulations","Groups":"Business Alignment\nOperational Effectiveness and Efficiency\nSystem Deployment and Integration\nPolicy and Organizational Reform\nCompliance and Governance","Sub Groups":"Strategic Cohesion\nProcess optimization\nReliable Implementation\nGovernance with Integrity\nRegulatory adherence","Catergories":"Policy & Regulation\nApplication Categorization\nChange Initiatives\nPolicy Alignment\nOutcome Measurement","Sub Catergories":"Compliance management systems, policy repositories, audit tools.\nMetadata repositories, CMDB systems, and application portfolio management tools.\nChange management software, communication platforms, project tracking tools.\nStrategy mapping software, governance frameworks, collaboration platforms.\nKPI tracking tools, performance dashboards, data visualization software.","Extracts":"Back in 2000, the Integrated Clinical Information Program (ICIP) started based on advice from the NSW Health Council. Its goal is to fix the problems with a clear plan. The idea is to give essential clinical features to all of NSW. They've already made big strides in setting up patient administration, clinical, and corporate systems"},{"ID":5,"Factors":"Information flow\nStandardization\nUser-centric optimization","Groups":"Data and Information Management\nOperational Effectiveness and Efficiency\nOperational Effectiveness and Efficiency","Sub Groups":"Data governance\nProcess optimization\nProcess optimization","Catergories":"Benefits Management Framework\nProcess Optimization\nIntegrated Service Design","Sub Catergories":"Performance tracking software, KPI dashboards, and financial modeling tools.\nWorkflow engines, automation platforms, process mining tools.\nService design software, cross-system integration platforms, user journey mapping tools.","Extracts":"Clinical Systems Strategy\nCorporate Systems Strategy\nBusiness Information Strategy\nSustainable Infrastructure Strategy\nWhole of Government ICT Strategic Directions"},{"ID":6,"Factors":"Collaboration & teamwork\nIntegration capabilities\nInformation flow","Groups":"Collaboration and Communication\nSystem Deployment and Integration\nData and Information Management","Sub Groups":"Teamwork enhancement\nReliable Implementation\nData governance","Catergories":"Reporting Systems\nChange Initiatives\nBenefits Management Framework","Sub Catergories":"Business intelligence platforms, dashboard software, data visualization tools.\nChange management software, communication platforms, project tracking tools.\nPerformance tracking software, KPI dashboards, and financial modeling tools.","Extracts":"They're making care safer and better by giving clinicians the info they need and setting up systems for consistent, predictable processes across the state."},{"ID":7,"Factors":"Process efficiency\nSystem deployment\nSustainability initiatives\nEmployee training","Groups":"Operational Effectiveness and Efficiency\nSystem Deployment and Integration\nPolicy and Organizational Reform\nEmployee Training and Development","Sub Groups":"Process optimization\nReliable Implementation\nGovernance with Integrity\nEmployee development","Catergories":"Application Categorization\nDev Standards\nPolicy Alignment\nResults-Based Planning","Sub Catergories":"Metadata repositories, CMDB systems, and application portfolio management tools.\nCoding standards enforcement tools, static analysis, version control systems.\nStrategy mapping software, governance frameworks, collaboration platforms.\nPerformance management software, strategic planning tools, reporting dashboards.","Extracts":"They're improving teamwork among health agencies in NSW, as well as with private companies and nationally, so everyone can work together better. This means info flows more smoothly, helping patients and making things more efficient."},{"ID":8,"Factors":"User support\nStrategic alignment\nFunding & cost control","Groups":"Consumer Experience and Support\nBusiness Alignment\nFinancial Management and Budgeting","Sub Groups":"Customer service\nStrategic Cohesion\nBudget control","Catergories":"Helpdesk \/ User Services\nPolicy & Regulation\nResource Management","Sub Catergories":"Ticketing systems, knowledge bases, live chat and call center software.\nCompliance management systems, policy repositories, audit tools.\nWorkforce management software, budgeting tools, project tracking systems.","Extracts":"They're expecting to save a lot of money by setting up new structures and ways of doing things. By rolling out key programs quickly, they'll spend less on managing projects, and they can piggyback on existing changes to save even more. This also means less disruption for clinicians and patients and less money spent on training."},{"ID":9,"Factors":"Strategic alignment\nPolicy & governance reform\nInvestment planning\nBusiness reform & strategy","Groups":"Business Alignment\nPolicy and Organizational Reform\nFinancial Management and Budgeting\nBusiness Alignment","Sub Groups":"Strategic Cohesion\nGovernance with Integrity\nBudget control\nStrategic Cohesion","Catergories":"Policy & Regulation\nGovernance\nStrategic Planning\nData Quality","Sub Catergories":"Compliance management systems, policy repositories, audit tools.\nPolicy management systems, compliance tracking, audit management tools.\nRoadmapping tools, portfolio management software, scenario analysis tools.\nData cleansing tools, validation software, profiling and monitoring tools.","Extracts":"The ICT Strategy is built on three main ideas:\nBetter support for clinicians and patient care.\nAligning with big NSW Health plans.\nSaving a lot of money.\n\nThese ideas guide five key objectives:\nUsing ICT to drive big changes in clinical care.\nCutting down on duplicated admin systems and costs.\nProviding top-notch info to everyone in the organization.\nSetting up a flexible ICT system that supports both clinical and corporate reforms.\nManaging ICT in a smart, coordinated way to get the most out of the investment."},{"ID":10,"Factors":"Strategic alignment\nRisk identification & mitigation\nProject prioritization","Groups":"Business Alignment\nRisk Identification and Management\nProgram and Project Management","Sub Groups":"Strategic Cohesion\nAccountable Risk Management\nStrategic Project Leadership","Catergories":"Policy & Regulation\nJoint Program Delivery\nStakeholder Engagement","Sub Catergories":"Compliance management systems, policy repositories, audit tools.\nCollaborative project management tools, communication platforms, shared resource pools.\nCollaboration platforms, survey software, communication tools.","Extracts":"ICT Asset Management Strategy\nNSW Health's Enterprise Architecture, which covers:\nClinical Systems Architecture\nCorporate Systems Architecture and Strategy\nBusiness Information Strategy\nInfrastructure Strategy\nIntegration Architecture Strategy\nICT Governance Framework\nICT Portfolio Management and Program of Work\nICT Investment Plan for 2006-2017."},{"ID":11,"Factors":"Performance monitoring","Groups":"System Maintenance and Support","Sub Groups":"Responsive Support","Catergories":"Performance Tuning","Sub Catergories":"Monitoring tools, system optimization software, load balancers.","Extracts":"From the RSP:\nThey've picked out results and services that rely on ICT assets.\nThey've identified risks related to ICT assets that could affect service delivery.\nThey've pinpointed services and measures that hinge on ICT assets working properly.\n\nFrom the NSW Health Corporate Plan:\nThey've considered the overall vision for the community.\nThey've outlined how NSW Health will contribute to this vision.\nThey've focused on strategies to achieve goals, along with potential risks.\nThey've set up ways to measure performance and ensure targets are met.\nThey've looked at the costs involved in reaching the vision and meeting targets."},{"ID":12,"Factors":"Inclusion & equity\nScope management\nInvestment planning","Groups":"Data and Information Management\nProgram and Project Management\nFinancial Management and Budgeting","Sub Groups":"Data governance\nStrategic Project Leadership\nBudget control","Catergories":"Organizational Value\nProcess Standardization\nStrategic Planning","Sub Catergories":"Performance measurement systems, value tracking tools, business intelligence.\nSOP management software, compliance tools, training platforms.\nRoadmapping tools, portfolio management software, scenario analysis tools.","Extracts":"    Contribution to major service reform agendas and alignment with planned NSW Health priorities and plans.\n    Support for the patient journey across different care settings and improvement of healthcare quality and safety for a large number of people.\n    Ability to enhance efficiency and effectiveness in healthcare delivery and workforce utilization.\n    Adherence to state ICT strategic planning requirements.\n    Potential to generate a positive return on investment."},{"ID":13,"Factors":"Project prioritization\nSystem deployment\nUser support\nPerformance monitoring","Groups":"Program and Project Management\nSystem Deployment and Integration\nConsumer Experience and Support\nSystem Maintenance and Support","Sub Groups":"Strategic Project Leadership\nReliable Implementation\nCustomer service\nResponsive Support","Catergories":"Stakeholder Engagement\nDev Standards\nHelpdesk \/ User Services\nPerformance Tuning","Sub Catergories":"Collaboration platforms, survey software, communication tools.\nCoding standards enforcement tools, static analysis, version control systems.\nTicketing systems, knowledge bases, live chat and call center software.\nMonitoring tools, system optimization software, load balancers.","Extracts":"They should only add new projects to their investment plan. When it's time to replace old systems, they can handle it through contracts with vendors."},{"ID":14,"Factors":"Collaboration & teamwork\nUser support\nWorkforce sustainability","Groups":"Collaboration and Communication\nConsumer Experience and Support\nSystem Maintenance and Support","Sub Groups":"Teamwork enhancement\nCustomer service\nResponsive Support","Catergories":"Reporting Systems\nHelpdesk \/ User Services\nCapital Planning","Sub Catergories":"Business intelligence platforms, dashboard software, data visualization tools.\nTicketing systems, knowledge bases, live chat and call center software.\nFinancial planning software, ERP systems, investment portfolio management tools.","Extracts":"By 2011, they plan to have core clinical and corporate systems set up across NSW. This will help patients move through the healthcare system smoothly and ensure efficient management. Implementing the ICT Strategy will bring benefits to patients, clinicians, departments, hospitals, areas, and the whole state."},{"ID":15,"Factors":"User-centric optimization\nService accessibility\nProcess efficiency","Groups":"Operational Effectiveness and Efficiency\nConsumer Experience and Support\nOperational Effectiveness and Efficiency","Sub Groups":"Process optimization\nCustomer service\nProcess optimization","Catergories":"Integrated Service Design\nSystem Interoperability\nApplication Categorization","Sub Catergories":"Service design software, cross-system integration platforms, user journey mapping tools.\nStandard protocols (SOAP, REST), API management, messaging queues.\nMetadata repositories, CMDB systems, and application portfolio management tools.","Extracts":"For patients and clinicians, the goal is to have a complete picture of the patient's health history. This way, all healthcare providers can work together effectively, knowing each other's roles and contributions. Corporate systems also support this by giving a clear view of employees, making sure care is delivered smoothly"},{"ID":16,"Factors":"Resource allocation\nProcess efficiency\nFuture system planning","Groups":"Business Alignment\nOperational Effectiveness and Efficiency\nFuture Planning and System Demand","Sub Groups":"Strategic Cohesion\nProcess optimization\nFutureproofing","Catergories":"Governance Structure\nApplication Categorization\nService Design","Sub Catergories":"Organizational chart software, collaboration platforms, communication channels.\nMetadata repositories, CMDB systems, and application portfolio management tools.\nUX\/UI design tools, service blueprinting software, customer journey mapping.","Extracts":"The strategy benefits patients by ensuring clinicians have all the information they need for optimal care, easily accessible whenever and wherever it's needed. This saves clinicians time by reducing the need to search for information or repeat tests unnecessarily, giving them more time for direct patient care."},{"ID":17,"Factors":"Performance monitoring\nResource allocation\nFunding & cost control","Groups":"System Maintenance and Support\nBusiness Alignment\nFinancial Management and Budgeting","Sub Groups":"Responsive Support\nStrategic Cohesion\nBudget control","Catergories":"Performance Tuning\nGovernance Structure\nResource Management","Sub Catergories":"Monitoring tools, system optimization software, load balancers.\nOrganizational chart software, collaboration platforms, communication channels.\nWorkforce management software, budgeting tools, project tracking systems.","Extracts":"Nursing Unit Manager (NUM) can plan patient care better when they know all the demands and resources. This includes patients from the emergency room, post-surgery, and transfers, as well as available beds and staff skills."},{"ID":18,"Factors":"Project prioritization\nResource allocation\nService delivery","Groups":"Program and Project Management\nBusiness Alignment\nOperational Effectiveness and Efficiency","Sub Groups":"Strategic Project Leadership\nStrategic Cohesion\nProcess optimization","Catergories":"Stakeholder Engagement\nGovernance Structure\nIntegration Architecture","Sub Catergories":"Collaboration platforms, survey software, communication tools.\nOrganizational chart software, collaboration platforms, communication channels.\nAPI gateways, ESB, microservices architecture, message brokers.","Extracts":"At hospital, area, and department executive levels, having a complete portfolio lets them look at health outcomes, service demand, resources, performance, and finances all together."},{"ID":19,"Factors":"Process efficiency\nUser-centric optimization\nResource allocation\nService accessibility","Groups":"Operational Effectiveness and Efficiency\nOperational Effectiveness and Efficiency\nBusiness Alignment\nConsumer Experience and Support","Sub Groups":"Process optimization\nProcess optimization\nStrategic Cohesion\nCustomer service","Catergories":"Application Categorization\nIntegrated Service Design\nGovernance Structure\nSystem Interoperability","Sub Catergories":"Metadata repositories, CMDB systems, and application portfolio management tools.\nService design software, cross-system integration platforms, user journey mapping tools.\nOrganizational chart software, collaboration platforms, communication channels.\nStandard protocols (SOAP, REST), API management, messaging queues.","Extracts":"The ICT Strategy focuses on key areas and will address them as resources allow. Other initiatives will only be added if they don't affect these core functions or if there's an urgent need."},{"ID":20,"Factors":"System interoperability\nService accessibility\nResource allocation","Groups":"Compliance and Governance\nConsumer Experience and Support\nBusiness Alignment","Sub Groups":"Regulatory adherence\nCustomer service\nStrategic Cohesion","Catergories":"System Architecture\nSystem Interoperability\nGovernance Structure","Sub Catergories":"Cloud platforms, microservices, network topology management.\nStandard protocols (SOAP, REST), API management, messaging queues.\nOrganizational chart software, collaboration platforms, communication channels.","Extracts":"By 2011, clinical departments will have improved systems for workflow, decision-making support, and accessing necessary information. This helps clinicians make better decisions for patients, leading to safer care"},{"ID":21,"Factors":"Integration capabilities\nService accessibility\nResource allocation\nStandardization\nCollaboration & teamwork","Groups":"System Deployment and Integration\nConsumer Experience and Support\nBusiness Alignment\nOperational Effectiveness and Efficiency\nCollaboration and Communication","Sub Groups":"Reliable Implementation\nCustomer service\nStrategic Cohesion\nProcess optimization\nTeamwork enhancement","Catergories":"Change Initiatives\nSystem Interoperability\nGovernance Structure\nProcess Optimization\nReporting Systems","Sub Catergories":"Change management software, communication platforms, project tracking tools.\nStandard protocols (SOAP, REST), API management, messaging queues.\nOrganizational chart software, collaboration platforms, communication channels.\nWorkflow engines, automation platforms, process mining tools.\nBusiness intelligence platforms, dashboard software, data visualization tools.","Extracts":"Integrated hospital systems mean information is collected once and available to all, reducing handover issues and improving resource management for smoother patient care."},{"ID":22,"Factors":"System deployment\nStandardization\nResource allocation\nFuture system planning","Groups":"System Deployment and Integration\nOperational Effectiveness and Efficiency\nBusiness Alignment\nFuture Planning and System Demand","Sub Groups":"Reliable Implementation\nProcess optimization\nStrategic Cohesion\nFutureproofing","Catergories":"Dev Standards\nProcess Optimization\nGovernance Structure\nService Design","Sub Catergories":"Coding standards enforcement tools, static analysis, version control systems.\nWorkflow engines, automation platforms, process mining tools.\nOrganizational chart software, collaboration platforms, communication channels.\nUX\/UI design tools, service blueprinting software, customer journey mapping.","Extracts":"The ICT Strategy aims to improve patient care by giving Nursing Unit Managers better information to plan and care for patients, helping hospital executives manage resources and performance, making it easier for departments to access important info and make decisions, integrating key systems across hospitals for smoother patient care, and standardizing information across regions to manage resources and patient transfers more effectively"},{"ID":23,"Factors":"Service delivery\nPerformance monitoring\nFuture system planning","Groups":"Operational Effectiveness and Efficiency\nSystem Maintenance and Support\nFuture Planning and System Demand","Sub Groups":"Process optimization\nResponsive Support\nFutureproofing","Catergories":"Integration Architecture\nPerformance Tuning\nService Design","Sub Catergories":"API gateways, ESB, microservices architecture, message brokers.\nMonitoring tools, system optimization software, load balancers.\nUX\/UI design tools, service blueprinting software, customer journey mapping.","Extracts":"Rolling out core systems across NSW will have big benefits. Everyone gains, but it's best when the whole state uses them. Standardized info will help NSW Health meet goals by improving patient care, ensuring timely access to services, and better coordination in the health system. Accurate data will help use resources better and manage future needs."},{"ID":24,"Factors":"Workforce sustainability\nRisk identification & mitigation\nResource allocation","Groups":"System Maintenance and Support\nRisk Identification and Management\nBusiness Alignment","Sub Groups":"Responsive Support\nAccountable Risk Management\nStrategic Cohesion","Catergories":"Capital Planning\nJoint Program Delivery\nGovernance Structure","Sub Catergories":"Financial planning software, ERP systems, investment portfolio management tools.\nCollaborative project management tools, communication platforms, shared resource pools.\nOrganizational chart software, collaboration platforms, communication channels.","Extracts":"A steady increase in demand for services is expected due to an aging population. In NSW, the number of people over 65 is growing quickly. Each year from 2012 to 2028, the percentage of older Australians is projected to rise by over 0.35 points annually, which is about four times the long-term average increase."},{"ID":25,"Factors":"Data management\nPerformance monitoring\nFuture system planning","Groups":"Data and Information Management\nSystem Maintenance and Support\nFuture Planning and System Demand","Sub Groups":"Data governance\nResponsive Support\nFutureproofing","Catergories":"Policy Compliance\nPerformance Tuning\nService Design","Sub Catergories":"Automated compliance monitoring, reporting systems, risk assessment tools.\nMonitoring tools, system optimization software, load balancers.\nUX\/UI design tools, service blueprinting software, customer journey mapping.","Extracts":"Staff shortages in critical areas such as nursing and medicine Hospitals running at maximum capacity"},{"ID":26,"Factors":"Knowledge & content management\nTechnology advancement","Groups":"Data and Information Management\nSystem and Technology Improvement","Sub Groups":"Data governance\nInnovative Evolution","Catergories":"Change Readiness\nBudget Constraint Handling","Sub Catergories":"Readiness assessment tools, survey platforms, stakeholder engagement systems.\nFinancial planning software, cost tracking systems, and resource allocation platforms.","Extracts":"The rate of chronic diseases like heart disease, lung disease, diabetes, and cancer is rising. Obesity is becoming more common among young people, and our increasingly globalized society raises the risk of pandemics."},{"ID":27,"Factors":"Funding & cost control\nTechnology advancement","Groups":"Financial Management and Budgeting\nSystem and Technology Improvement","Sub Groups":"Budget control\nInnovative Evolution","Catergories":"Resource Management\nBudget Constraint Handling","Sub Catergories":"Workforce management software, budgeting tools, project tracking systems.\nFinancial planning software, cost tracking systems, and resource allocation platforms.","Extracts":"An increasing body of medical knowledge that staff cannot manage and\nuse without advanced IT systems"},{"ID":28,"Factors":"Consumer experience\nService delivery\nHigh-risk environment","Groups":"Consumer Experience and Support\nOperational Effectiveness and Efficiency\nRisk Identification and Management","Sub Groups":"Customer service\nProcess optimization\nAccountable Risk Management","Catergories":"Strategic Planning\nIntegration Architecture\nService Availability","Sub Catergories":"Roadmapping tools, portfolio management software, scenario analysis tools.\nAPI gateways, ESB, microservices architecture, message brokers.\nMonitoring systems, failover infrastructure, SLA tracking software.","Extracts":"Health services are increasingly challenged by more expensive medical technologies and pharmaceuticals"},{"ID":29,"Factors":"Consumer experience\nService delivery\nHigh-risk environment","Groups":"Consumer Experience and Support\nOperational Effectiveness and Efficiency\nRisk Identification and Management","Sub Groups":"Customer service\nProcess optimization\nAccountable Risk Management","Catergories":"Strategic Planning\nIntegration Architecture\nService Availability","Sub Catergories":"Roadmapping tools, portfolio management software, scenario analysis tools.\nAPI gateways, ESB, microservices architecture, message brokers.\nMonitoring systems, failover infrastructure, SLA tracking software.","Extracts":"Consumers are becoming more informed, have higher expectations and more complex problems"},{"ID":30,"Factors":"Communication standards\nPolicy & governance reform\nSkills development\nWorkforce sustainability","Groups":"Standardization and Streamlining Processes\nPolicy and Organizational Reform\nEmployee Training and Development\nSystem Maintenance and Support","Sub Groups":"Consistent Excellence\nGovernance with Integrity\nEmployee development\nResponsive Support","Catergories":"Strategic Alignment\nGovernance\nCare Coordination Systems\nCapital Planning","Sub Catergories":"Balanced scorecards, strategy mapping tools, performance management platforms.\nPolicy management systems, compliance tracking, audit management tools.\nPatient management systems, health information exchanges, secure messaging platforms.\nFinancial planning software, ERP systems, investment portfolio management tools.","Extracts":"Quality and safety standards are being challenged as demand increases and staff numbers decrease. For instance, from 2000 to 2005, NSW hospitals had an average occupancy of 93%. Some metropolitan hospitals had surgical and medical wards with 95-98% occupancy, while 85% is considered a much safer level."},{"ID":31,"Factors":"System deployment\nBusiness reform & strategy","Groups":"System Deployment and Integration\nBusiness Alignment","Sub Groups":"Reliable Implementation\nStrategic Cohesion","Catergories":"Dev Standards\nData Quality","Sub Catergories":"Coding standards enforcement tools, static analysis, version control systems.\nData cleansing tools, validation software, profiling and monitoring tools.","Extracts":"The key factors that cause these adverse events are:\n_x0001_ Communication\n_x0001_ Policies and procedures\n_x0001_ Knowledge, skills and competence issues\n_x0001_ Work scheduling"},{"ID":32,"Factors":"Integration capabilities","Groups":"System Deployment and Integration","Sub Groups":"Reliable Implementation","Catergories":"Change Initiatives","Sub Catergories":"Change management software, communication platforms, project tracking tools.","Extracts":"Clinical ICT is becoming an increasingly important enabler of health\nsystem reform, yet the core systems to underpin reform are not\ncurrently in place."},{"ID":33,"Factors":"Funding & cost control\nSkilled project execution\nWorkforce sustainability","Groups":"Financial Management and Budgeting\nProgram and Project Management\nSystem Maintenance and Support","Sub Groups":"Budget control\nStrategic Project Leadership\nResponsive Support","Catergories":"Resource Management\nBudget Allocation Strategies\nCapital Planning","Sub Catergories":"Workforce management software, budgeting tools, project tracking systems.\nERP systems, budgeting modules, and portfolio management software.\nFinancial planning software, ERP systems, investment portfolio management tools.","Extracts":"Constraints in capital and recurrent funding, skilled project\nmanagement and implementation resources and capacity of the health\nsystems to accommodate large scale change all restrict the potential\nspeed of implementation of core systems."},{"ID":34,"Factors":"Funding & cost control\nProject prioritization\nScope management","Groups":"Financial Management and Budgeting\nProgram and Project Management\nProgram and Project Management","Sub Groups":"Budget control\nStrategic Project Leadership\nStrategic Project Leadership","Catergories":"Resource Management\nStakeholder Engagement\nProcess Standardization","Sub Catergories":"Workforce management software, budgeting tools, project tracking systems.\nCollaboration platforms, survey software, communication tools.\nSOP management software, compliance tools, training platforms.","Extracts":"There are many competing demands for ICT funds. Deciding which projects to prioritize and schedule is complex and needs ongoing review to ensure funds are allocated where they will be most beneficial."},{"ID":35,"Factors":"Risk identification & mitigation\nHigh-risk environment\nService delivery","Groups":"Risk Identification and Management\nRisk Identification and Management\nOperational Effectiveness and Efficiency","Sub Groups":"Accountable Risk Management\nAccountable Risk Management\nProcess optimization","Catergories":"Joint Program Delivery\nService Availability\nIntegration Architecture","Sub Catergories":"Collaborative project management tools, communication platforms, shared resource pools.\nMonitoring systems, failover infrastructure, SLA tracking software.\nAPI gateways, ESB, microservices architecture, message brokers.","Extracts":"NSW Health needs to change how it delivers services to meet these challenges. They've started a big reform program and need the right IT solutions to support staff and make these changes last"},{"ID":36,"Factors":"Service delivery\nWorkforce sustainability\nGovernment priorities & guidelines\nStrategic alignment","Groups":"Operational Effectiveness and Efficiency\nSystem Maintenance and Support\nBusiness Alignment\nBusiness Alignment","Sub Groups":"Process optimization\nResponsive Support\nStrategic Cohesion\nStrategic Cohesion","Catergories":"Integration Architecture\nCapital Planning\nResource Optimization\nPolicy & Regulation","Sub Catergories":"API gateways, ESB, microservices architecture, message brokers.\nFinancial planning software, ERP systems, investment portfolio management tools.\nAutomation tools, analytics platforms, load balancing systems.\nCompliance management systems, policy repositories, audit tools.","Extracts":"NSW Health is responding to big challenges like more people needing healthcare and not enough staff. They're looking at what the government wants, like improving mental health and using better technology. That helps them decide what to do next and where to spend money."},{"ID":37,"Factors":"Strategic alignment\nPolicy & governance reform\nBusiness reform & strategy\nGovernment priorities & guidelines","Groups":"Business Alignment\nPolicy and Organizational Reform\nBusiness Alignment\nBusiness Alignment","Sub Groups":"Strategic Cohesion\nGovernance with Integrity\nStrategic Cohesion\nStrategic Cohesion","Catergories":"Policy & Regulation\nGovernance\nData Quality\nResource Optimization","Sub Catergories":"Compliance management systems, policy repositories, audit tools.\nPolicy management systems, compliance tracking, audit management tools.\nData cleansing tools, validation software, profiling and monitoring tools.\nAutomation tools, analytics platforms, load balancing systems.","Extracts":"The Results and Services Plan guides everything in NSW Health. There are other plans helping out too. The ICT Strategic Plan is one of them, making sure it works well with the main plan. They also look at what the whole government and the country are doing."},{"ID":38,"Factors":"Consumer experience\nFuture system planning\nCollaboration & teamwork\nFunding & cost control\nWorkforce sustainability\nRisk identification & mitigation","Groups":"Consumer Experience and Support\nFuture Planning and System Demand\nCollaboration and Communication\nFinancial Management and Budgeting\nSystem Maintenance and Support\nRisk Identification and Management","Sub Groups":"Customer service\nFutureproofing\nTeamwork enhancement\nBudget control\nResponsive Support\nAccountable Risk Management","Catergories":"Strategic Planning\nService Design\nReporting Systems\nResource Management\nCapital Planning\nJoint Program Delivery","Sub Catergories":"Roadmapping tools, portfolio management software, scenario analysis tools.\nUX\/UI design tools, service blueprinting software, customer journey mapping.\nBusiness intelligence platforms, dashboard software, data visualization tools.\nWorkforce management software, budgeting tools, project tracking systems.\nFinancial planning software, ERP systems, investment portfolio management tools.\nCollaborative project management tools, communication platforms, shared resource pools.","Extracts":"The RSP is NSW Health's main plan to tackle challenges. They have four main goals:\nKeep people healthy\nProvide needed healthcare\nDeliver top-quality services\nManage health services well\n\nTo achieve these, they focus on seven key directions:\nGet everyone involved in prevention\nImprove people's healthcare experiences\nStrengthen community care\nWork with others for better health\nMake wise choices about healthcare costs\nBuild a strong healthcare workforce\nStay prepared for new challenges and chances"},{"ID":39,"Factors":"Risk identification & mitigation\nConsumer experience\nPreventative solutions","Groups":"Risk Identification and Management\nConsumer Experience and Support\nFinancial Management and Budgeting","Sub Groups":"Accountable Risk Management\nCustomer service\nBudget control","Catergories":"Joint Program Delivery\nStrategic Planning\nTransition Planning","Sub Catergories":"Collaborative project management tools, communication platforms, shared resource pools.\nRoadmapping tools, portfolio management software, scenario analysis tools.\nProject scheduling, resource allocation software, stakeholder engagement platforms.","Extracts":"NSW Health wants to prevent sickness and promote good health habits. They're focusing on getting more people vaccinated and helping those at risk for diseases like diabetes. ICT can help by sending alerts about things like missed vaccinations or overdue check-ups"},{"ID":40,"Factors":"Service accessibility\nService delivery\nCoordination & support\nSustainability initiatives\nInformation flow\nConsumer experience","Groups":"Consumer Experience and Support\nOperational Effectiveness and Efficiency\nCollaboration and Communication\nPolicy and Organizational Reform\nData and Information Management\nConsumer Experience and Support","Sub Groups":"Customer service\nProcess optimization\nTeamwork enhancement\nGovernance with Integrity\nData governance\nCustomer service","Catergories":"System Interoperability\nIntegration Architecture\nBusiness Case Development\nPolicy Alignment\nBenefits Management Framework\nStrategic Planning","Sub Catergories":"Standard protocols (SOAP, REST), API management, messaging queues.\nAPI gateways, ESB, microservices architecture, message brokers.\nProject management tools, ROI calculators, and collaboration platforms.\nStrategy mapping software, governance frameworks, collaboration platforms.\nPerformance tracking software, KPI dashboards, and financial modeling tools.\nRoadmapping tools, portfolio management software, scenario analysis tools.","Extracts":"NSW Health wants to make sure everyone gets the care they need, when they need it. They're using tech to support new ways of caring for people and making sure changes stick. Better info during your care journey means a better experience and getting the right care."},{"ID":41,"Factors":"Process efficiency\nCollaboration & teamwork\nCoordination & support\nQuality & safety\nResource allocation","Groups":"Operational Effectiveness and Efficiency\nCollaboration and Communication\nCollaboration and Communication\nOperational Effectiveness and Efficiency\nBusiness Alignment","Sub Groups":"Process optimization\nTeamwork enhancement\nTeamwork enhancement\nProcess optimization\nStrategic Cohesion","Catergories":"Application Categorization\nReporting Systems\nBusiness Case Development\nInteragency Cooperation\nGovernance Structure","Sub Catergories":"Metadata repositories, CMDB systems, and application portfolio management tools.\nBusiness intelligence platforms, dashboard software, data visualization tools.\nProject management tools, ROI calculators, and collaboration platforms.\nSecure collaboration platforms, data sharing agreements, federation technologies.\nOrganizational chart software, collaboration platforms, communication channels.","Extracts":"NSW Health aims to improve healthcare by working better together. They're using tech to help everyone collaborate and use resources wisely. That means better tools for healthcare workers and making sure everyone gets great care."},{"ID":42,"Factors":"Scope management\nStrategic alignment","Groups":"Program and Project Management\nBusiness Alignment","Sub Groups":"Strategic Project Leadership\nStrategic Cohesion","Catergories":"Process Standardization\nPolicy & Regulation","Sub Catergories":"SOP management software, compliance tools, training platforms.\nCompliance management systems, policy repositories, audit tools.","Extracts":"The NSW Government's IT setup influences NSW Health's ICT plan. They aim to make sure NSW initiatives match up with and sometimes even help shape national and statewide plans"},{"ID":43,"Factors":"Technology advancement\nStrategic alignment","Groups":"System and Technology Improvement\nBusiness Alignment","Sub Groups":"Innovative Evolution\nStrategic Cohesion","Catergories":"Budget Constraint Handling\nPolicy & Regulation","Sub Catergories":"Financial planning software, cost tracking systems, and resource allocation platforms.\nCompliance management systems, policy repositories, audit tools.","Extracts":"The NSW Government is changing how they use computers and stuff. They want to save money on the boring tech stuff while keeping important services running smoothly. They're spending more on technology for important services and finding ways to save money with computers. This means using one fund for all tech needs, having a plan for the whole state, using fewer computer programs, sharing tech, and buying things together."},{"ID":44,"Factors":"Data sharing & integration","Groups":"Data and Information Management","Sub Groups":"Data governance","Catergories":"Change Management","Sub Catergories":"Collaboration tools, training portals, feedback and adoption tracking systems.","Extracts":"COAG is a group working on important national stuff like mental health, healthcare workers, flu plans, and electronic health records. They're making big plans for healthcare, like making hospitals better and helping people stay healthy. This ICT plan is part of making those plans work by improving healthcare in hospitals and communities"},{"ID":45,"Factors":"Government priorities & guidelines\nBusiness reform & strategy\nInclusion & equity\nPreventative solutions","Groups":"Business Alignment\nBusiness Alignment\nData and Information Management\nFinancial Management and Budgeting","Sub Groups":"Strategic Cohesion\nStrategic Cohesion\nData governance\nBudget control","Catergories":"Resource Optimization\nData Quality\nOrganizational Value\nTransition Planning","Sub Catergories":"Automation tools, analytics platforms, load balancing systems.\nData cleansing tools, validation software, profiling and monitoring tools.\nPerformance measurement systems, value tracking tools, business intelligence.\nProject scheduling, resource allocation software, stakeholder engagement platforms.","Extracts":"The eHealth initiative involves all states, territories, and the Australian Government. It began in 2000 to set up e-health across Australia. The Australian Government has invested $128 million in e-health projects across the country, plus an extra $10 million in 2005 for managed health network grants. The aim is to make sure everyone works together, with consistent approaches to eHealth, creating a national health information network. The program also helps make the right rules for eHealth initiatives."},{"ID":46,"Factors":"Collaboration & teamwork\nStandardization\nData sharing & integration\nCompliance & regulations","Groups":"Collaboration and Communication\nOperational Effectiveness and Efficiency\nData and Information Management\nCompliance and Governance","Sub Groups":"Teamwork enhancement\nProcess optimization\nData governance\nRegulatory adherence","Catergories":"Reporting Systems\nProcess Optimization\nChange Management\nOutcome Measurement","Sub Catergories":"Business intelligence platforms, dashboard software, data visualization tools.\nWorkflow engines, automation platforms, process mining tools.\nCollaboration tools, training portals, feedback and adoption tracking systems.\nKPI tracking tools, performance dashboards, data visualization software.","Extracts":"focuses on developing national health information management and communication technology standards. Its work includes creating frameworks for interoperability, standardizing clinical communications, establishing unique healthcare identifiers, and preparing standards for individual electronic health records, identity management, secure messaging, and supply chain management."},{"ID":47,"Factors":"Compliance & regulations\nStrategic alignment\nSystem interoperability\nStandardization\nData integrity & privacy\nSecure data practices","Groups":"Compliance and Governance\nBusiness Alignment\nCompliance and Governance\nOperational Effectiveness and Efficiency\nData Security, Quality and Privacy\nData Security, Quality and Privacy","Sub Groups":"Regulatory adherence\nStrategic Cohesion\nRegulatory adherence\nProcess optimization\nData integrity\nData integrity","Catergories":"Outcome Measurement\nPolicy & Regulation\nSystem Architecture\nProcess Optimization\nProgram Governance\nCommunication Tools","Sub Catergories":"KPI tracking tools, performance dashboards, data visualization software.\nCompliance management systems, policy repositories, audit tools.\nCloud platforms, microservices, network topology management.\nWorkflow engines, automation platforms, process mining tools.\nGovernance platforms, risk management tools, compliance dashboards.\nUnified communications systems, VoIP, video conferencing platforms.","Extracts":"To tackle challenges and prepare for the future, NSW Health is changing how it delivers services. Implementing IT solutions to support staff and integrate business processes is key for sustainable service delivery changes."},{"ID":48,"Factors":"Strategic alignment\nInvestment planning\nFunding & cost control\nProject prioritization","Groups":"Business Alignment\nFinancial Management and Budgeting\nFinancial Management and Budgeting\nProgram and Project Management","Sub Groups":"Strategic Cohesion\nBudget control\nBudget control\nStrategic Project Leadership","Catergories":"Policy & Regulation\nStrategic Planning\nResource Management\nStakeholder Engagement","Sub Catergories":"Compliance management systems, policy repositories, audit tools.\nRoadmapping tools, portfolio management software, scenario analysis tools.\nWorkforce management software, budgeting tools, project tracking systems.\nCollaboration platforms, survey software, communication tools.","Extracts":"NEHTA makes sure health info works the same way everywhere in Australia. They're working on stuff like making sure doctors' notes and patient info look the same everywhere. They're also setting up a single ID for healthcare and getting ready for a national health record system. Plus, they're making sure the stuff doctors send each other is safe, and helping with buying healthcare stuff"},{"ID":49,"Factors":"User support\nSystem deployment\nSystem maintenance","Groups":"Consumer Experience and Support\nSystem Deployment and Integration\nSystem Maintenance and Support","Sub Groups":"Customer service\nReliable Implementation\nResponsive Support","Catergories":"Helpdesk \/ User Services\nDev Standards\nRisk and Opportunity Analysis","Sub Catergories":"Ticketing systems, knowledge bases, live chat and call center software.\nCoding standards enforcement tools, static analysis, version control systems.\nRisk management platforms, SWOT analysis tools, scenario planning software.","Extracts":"Health Support Services sets up and maintains key computer systems for healthcare. They give specific IT help to Area Health Services as defined by the law. This includes managing computers, software, and helping with setting up systems."},{"ID":50,"Factors":"Service delivery\nSystem deployment\nSkills development\nBenefit realization","Groups":"Operational Effectiveness and Efficiency\nSystem Deployment and Integration\nEmployee Training and Development\nBusiness Alignment","Sub Groups":"Process optimization\nReliable Implementation\nEmployee development\nStrategic Cohesion","Catergories":"Integration Architecture\nDev Standards\nCare Coordination Systems\nData Management","Sub Catergories":"API gateways, ESB, microservices architecture, message brokers.\nCoding standards enforcement tools, static analysis, version control systems.\nPatient management systems, health information exchanges, secure messaging platforms.\nDatabase management systems, data lakes, cloud storage solutions.","Extracts":"Area Health Services are responsible for the management of local\nimplementations, change management and training of staff and benefits\nrealisation."},{"ID":51,"Factors":"Project prioritization\nInvestment planning\nBenefit realization\nStandardization\nCollaboration & teamwork","Groups":"Program and Project Management\nFinancial Management and Budgeting\nBusiness Alignment\nOperational Effectiveness and Efficiency\nCollaboration and Communication","Sub Groups":"Strategic Project Leadership\nBudget control\nStrategic Cohesion\nProcess optimization\nTeamwork enhancement","Catergories":"Stakeholder Engagement\nStrategic Planning\nData Management\nProcess Optimization\nReporting Systems","Sub Catergories":"Collaboration platforms, survey software, communication tools.\nRoadmapping tools, portfolio management software, scenario analysis tools.\nDatabase management systems, data lakes, cloud storage solutions.\nWorkflow engines, automation platforms, process mining tools.\nBusiness intelligence platforms, dashboard software, data visualization tools.","Extracts":"They pick the most important projects and invest wisely for the health system. We work together on ICT stuff and have clear rules. This helps us decide what to build and how to run things"},{"ID":52,"Factors":"Project prioritization\nPerformance monitoring\nStrategic alignment","Groups":"Program and Project Management\nSystem Maintenance and Support\nBusiness Alignment","Sub Groups":"Strategic Project Leadership\nResponsive Support\nStrategic Cohesion","Catergories":"Stakeholder Engagement\nPerformance Tuning\nPolicy & Regulation","Sub Catergories":"Collaboration platforms, survey software, communication tools.\nMonitoring tools, system optimization software, load balancers.\nCompliance management systems, policy repositories, audit tools.","Extracts":"NSW Health uses a coordinated approach to manage ICT projects. This helps us evaluate, prioritize, select, and monitor programs and projects. We adjust as needed to meet our business goals."},{"ID":53,"Factors":"Standardization\nPolicy & governance reform","Groups":"Operational Effectiveness and Efficiency\nPolicy and Organizational Reform","Sub Groups":"Process optimization\nGovernance with Integrity","Catergories":"Process Optimization\nGovernance","Sub Catergories":"Workflow engines, automation platforms, process mining tools.\nPolicy management systems, compliance tracking, audit management tools.","Extracts":"They have set ways of doing things that support our ICT plan. These cover every step of a project's life."},{"ID":54,"Factors":"Collaboration & teamwork\nPolicy & governance reform\nStandardization","Groups":"Collaboration and Communication\nPolicy and Organizational Reform\nOperational Effectiveness and Efficiency","Sub Groups":"Teamwork enhancement\nGovernance with Integrity\nProcess optimization","Catergories":"Reporting Systems\nGovernance\nProcess Optimization","Sub Catergories":"Business intelligence platforms, dashboard software, data visualization tools.\nPolicy management systems, compliance tracking, audit management tools.\nWorkflow engines, automation platforms, process mining tools.","Extracts":"To make the strategy work, NSW Health collaborates with the Department of Health, Area Health Services, Health Technology, and third-party providers, using shared decision-making processes and building core applications at the state level"},{"ID":55,"Factors":"Data management\nResource allocation\nPerformance monitoring","Groups":"Data and Information Management\nBusiness Alignment\nSystem Maintenance and Support","Sub Groups":"Data governance\nStrategic Cohesion\nResponsive Support","Catergories":"Policy Compliance\nGovernance Structure\nPerformance Tuning","Sub Catergories":"Automated compliance monitoring, reporting systems, risk assessment tools.\nOrganizational chart software, collaboration platforms, communication channels.\nMonitoring tools, system optimization software, load balancers.","Extracts":"Applications and projects are categorized as core, common, or divergent, influencing their prioritization, funding, and management, with core ones managed by the Department, common ones collaboratively, and divergent ones allowing for innovative solutions to local needs."},{"ID":56,"Factors":"Strategic alignment\nRisk identification & mitigation\nStrategic alignment","Groups":"Business Alignment\nRisk Identification and Management\nBusiness Alignment","Sub Groups":"Strategic Cohesion\nAccountable Risk Management\nStrategic Cohesion","Catergories":"Policy & Regulation\nJoint Program Delivery\nPolicy & Regulation","Sub Catergories":"Compliance management systems, policy repositories, audit tools.\nCollaborative project management tools, communication platforms, shared resource pools.\nCompliance management systems, policy repositories, audit tools.","Extracts":"The Project Governance framework makes sure projects do what they're supposed to and deliver the benefits they promised. It helps NSW Health focus on the right projects and ensures they're done correctly. This way, strategy and delivery stay connected, reducing risks for the whole portfolio"},{"ID":57,"Factors":"Project prioritization\nIntegration capabilities\nKnowledge & content management","Groups":"Program and Project Management\nSystem Deployment and Integration\nData and Information Management","Sub Groups":"Strategic Project Leadership\nReliable Implementation\nData governance","Catergories":"Stakeholder Engagement\nChange Initiatives\nChange Readiness","Sub Catergories":"Collaboration platforms, survey software, communication tools.\nChange management software, communication platforms, project tracking tools.\nReadiness assessment tools, survey platforms, stakeholder engagement systems.","Extracts":"In the Content Development phase, they design and build a prototype, then review it with clinicians. We use a method called Fast Track, which makes the process quicker. The prototype helps clinicians understand the application better and decide if it works for them"},{"ID":58,"Factors":"Knowledge & content management\nResource allocation\nSkills development\nScope management","Groups":"Data and Information Management\nBusiness Alignment\nEmployee Training and Development\nProgram and Project Management","Sub Groups":"Data governance\nStrategic Cohesion\nEmployee development\nStrategic Project Leadership","Catergories":"Change Readiness\nGovernance Structure\nCare Coordination Systems\nProcess Standardization","Sub Catergories":"Readiness assessment tools, survey platforms, stakeholder engagement systems.\nOrganizational chart software, collaboration platforms, communication channels.\nPatient management systems, health information exchanges, secure messaging platforms.\nSOP management software, compliance tools, training platforms.","Extracts":"In the Implementation phase, they're putting in the content decided by the state. Doing it all at once might seem like a lot, but it's the most efficient and cost-effective way. Using the Fast Track Method makes things quicker and cheaper, sticking to a standard design with state content. This means less hassle and less time spent learning for Area Health Services staff. Their team knows how to build the database, and doing things fast helps them stick to the plan without adding extra stuff."},{"ID":59,"Factors":"Inclusion & equity\nScope management","Groups":"Data and Information Management\nProgram and Project Management","Sub Groups":"Data governance\nStrategic Project Leadership","Catergories":"Organizational Value\nProcess Standardization","Sub Catergories":"Performance measurement systems, value tracking tools, business intelligence.\nSOP management software, compliance tools, training platforms.","Extracts":"The SBB uses a maturity model to improve its features over time, with all Area Health Services contributing to each version, changes requiring approval from the majority of the Application Advisory Group, and new versions released annually, featuring required core functions, modifiable features, and local content."},{"ID":60,"Factors":"Strategic alignment\nProject prioritization\nResource allocation","Groups":"Business Alignment\nProgram and Project Management\nBusiness Alignment","Sub Groups":"Strategic Cohesion\nStrategic Project Leadership\nStrategic Cohesion","Catergories":"Policy & Regulation\nStakeholder Engagement\nGovernance Structure","Sub Catergories":"Compliance management systems, policy repositories, audit tools.\nCollaboration platforms, survey software, communication tools.\nOrganizational chart software, collaboration platforms, communication channels.","Extracts":"The Clinical Systems Strategy aims to implement essential clinical systems supporting Clinical Services Redesign, Quality and Safety initiatives, and clinical programs. It focuses on improving communication, reducing delays, and supporting patient care, ensuring resources are allocated flexibly to meet patient needs"},{"ID":61,"Factors":"Project prioritization\nIntegration capabilities\nSystem compatibility","Groups":"Program and Project Management\nSystem Deployment and Integration\nStandardization and Streamlining Processes","Sub Groups":"Strategic Project Leadership\nReliable Implementation\nConsistent Excellence","Catergories":"Stakeholder Engagement\nChange Initiatives\nStandards Adherence","Sub Catergories":"Collaboration platforms, survey software, communication tools.\nChange management software, communication platforms, project tracking tools.\nCode quality tools, compliance software, audit management systems.","Extracts":"Three programs support the Clinical Systems Strategy: the Electronic Medical Record program for managing patients in hospitals, the Primary, Community, and Outpatient Care program for community care, and the Clinical Support program for essential support systems like Patient Administration and diagnostics."},{"ID":62,"Factors":"Integration capabilities\nProcess efficiency\nData integrity & privacy\nSecure data practices","Groups":"System Deployment and Integration\nOperational Effectiveness and Efficiency\nData Security, Quality and Privacy\nData Security, Quality and Privacy","Sub Groups":"Reliable Implementation\nProcess optimization\nData integrity\nData integrity","Catergories":"Change Initiatives\nApplication Categorization\nProgram Governance\nCommunication Tools","Sub Catergories":"Change management software, communication platforms, project tracking tools.\nMetadata repositories, CMDB systems, and application portfolio management tools.\nGovernance platforms, risk management tools, compliance dashboards.\nUnified communications systems, VoIP, video conferencing platforms.","Extracts":"The Corporate Systems Strategy sets up essential systems to support the Corporate Shared Services reform program, cutting duplication and costs in administrative tasks to redirect funds to frontline care, with the Corporate Systems program as its backbone."},{"ID":63,"Factors":"Performance monitoring\nData management\nPerformance monitoring\nIntegration capabilities\nUnified platforms\nData sharing & integration\nData integrity & privacy","Groups":"System Maintenance and Support\nData and Information Management\nSystem Maintenance and Support\nSystem Deployment and Integration\nSystem Deployment and Integration\nData and Information Management\nData Security, Quality and Privacy","Sub Groups":"Responsive Support\nData governance\nResponsive Support\nReliable Implementation\nReliable Implementation\nData governance\nData integrity","Catergories":"Performance Tuning\nPolicy Compliance\nPerformance Tuning\nChange Initiatives\nUX Design\nChange Management\nProgram Governance","Sub Catergories":"Monitoring tools, system optimization software, load balancers.\nAutomated compliance monitoring, reporting systems, risk assessment tools.\nMonitoring tools, system optimization software, load balancers.\nChange management software, communication platforms, project tracking tools.\nPrototyping tools, user testing platforms, accessibility compliance software.\nCollaboration tools, training portals, feedback and adoption tracking systems.\nGovernance platforms, risk management tools, compliance dashboards.","Extracts":"The Business Information Strategy aims to provide timely, high-quality information throughout the organization, fostering a performance-driven culture. It helps turn data into insights, supports decision-making, aligns with strategic goals, ensures accountability, and follows the overall program and change management approach."},{"ID":64,"Factors":"Project prioritization\nStrategic alignment\nPerformance monitoring","Groups":"Program and Project Management\nBusiness Alignment\nSystem Maintenance and Support","Sub Groups":"Strategic Project Leadership\nStrategic Cohesion\nResponsive Support","Catergories":"Stakeholder Engagement\nPolicy & Regulation\nPerformance Tuning","Sub Catergories":"Collaboration platforms, survey software, communication tools.\nCompliance management systems, policy repositories, audit tools.\nMonitoring tools, system optimization software, load balancers.","Extracts":"Three programs support the Business Information Strategy: one delivers useful information to front-line staff, another integrates strategic frameworks and develops performance measures, and the third ensures systems can provide consistent data and sets up technical infrastructure"},{"ID":65,"Factors":"Infrastructure efficiency\nStandardization\nResource allocation","Groups":"Infrastructure and Hardware Management\nOperational Effectiveness and Efficiency\nBusiness Alignment","Sub Groups":"Sustainable Systems\nProcess optimization\nStrategic Cohesion","Catergories":"Financial Planning\nProcess Optimization\nGovernance Structure","Sub Catergories":"Budgeting software, forecasting models, financial dashboards.\nWorkflow engines, automation platforms, process mining tools.\nOrganizational chart software, collaboration platforms, communication channels.","Extracts":"The Sustainable Infrastructure program aims to streamline technical infrastructure, establish and uphold standards and architecture for statewide ICT initiatives, and ensure maximum benefit from ICT investments."},{"ID":66,"Factors":"Infrastructure efficiency\nStandardization\nData integrity & privacy","Groups":"Infrastructure and Hardware Management\nOperational Effectiveness and Efficiency\nData Security, Quality and Privacy","Sub Groups":"Sustainable Systems\nProcess optimization\nData integrity","Catergories":"Financial Planning\nProcess Optimization\nProgram Governance","Sub Catergories":"Budgeting software, forecasting models, financial dashboards.\nWorkflow engines, automation platforms, process mining tools.\nGovernance platforms, risk management tools, compliance dashboards.","Extracts":"The Sustainable Infrastructure program includes three parts: setting up infrastructure, establishing technical standards, and ensuring uniform data standards across systems in NSW."}]