[{"ID":1,"Factors":"Accuracy of Reporting\nDuplication","Groups":"Data Security, Quality and Privacy\nResource Management and Utilization","Sub Groups":"Data integrity\nResource Management and Utilization","Catergories":"Reporting Systems\nRedundancy Management","Sub Catergories":"Business intelligence platforms, dashboard software, data visualization tools.\nData deduplication tools, system monitoring, backup and recovery systems.","Extracts":"NSW Health is changing how it does things to meet challenges. They're putting in a big program to fix clinical, corporate, and tech stuff. Getting the right IT tools is key to making sure these changes last. Before, they had a mess of different systems which made things harder and more expensive. Plus, some of their systems are ancient and hard to support"},{"ID":2,"Factors":"Disparate systems","Groups":"Operational Effectiveness and Efficiency","Sub Groups":"Process optimization","Catergories":"Legacy Systems","Sub Catergories":"Mainframe environments, older database systems, on-premises servers.","Extracts":"Because of all this, it's hard to share patient info and coordinate care properly. Managers struggle to get accurate info on how well the systems are doing. And keeping them running costs a lot of money."},{"ID":3,"Factors":"Outdated infrastructure","Groups":"Infrastructure and Hardware Management","Sub Groups":"Sustainable Systems","Catergories":"Legacy Replacement","Sub Catergories":"Migration tools, modernization frameworks, virtualization software.","Extracts":"This setup could harm the long-term success of the Clinical Services Redesign and Corporate Shared Services. So, they're reshaping the ICT program to fit these reforms better. They're aiming to connect scattered information and tech and quickly support both clinical and corporate changes."},{"ID":4,"Factors":"Fragmentation\nOutdated systems\nCompatibility","Groups":"Compliance and Governance\nSystem and Technology Improvement\nStandardization and Streamlining Processes","Sub Groups":"Regulatory adherence\nSystem and Technology Improvement\nStandardization and Streamlining Processes","Catergories":"System Silos\nSystem Modernization\nSystem Interoperability","Sub Catergories":"Data integration platforms, cross-department communication tools, centralized repositories.\nLegacy system migration tools, cloud adoption platforms, containerization.\nStandard protocols (SOAP, REST), API management, messaging queues.","Extracts":"Back in 2000, the Integrated Clinical Information Program (ICIP) started based on advice from the NSW Health Council. Its goal is to fix the problems with a clear plan. The idea is to give essential clinical features to all of NSW. They've already made big strides in setting up patient administration, clinical, and corporate systems"},{"ID":5,"Factors":"Alignment\nEffectiveness\nIntegration\nSustainability\nCompliance","Groups":"Business Alignment\nConsumer Experience and Support\nSystem Deployment and Integration\nPolicy and Organizational Reform\nCompliance and Governance","Sub Groups":"Strategic Cohesion\nConsumer Experience and Support\nSystem Deployment and Integration\nPolicy and Organizational Reform\nCompliance and Governance","Catergories":"Strategic Planning\nKPIs \/ Metrics\nSystems Integration\nSustainability Planning\nPolicy & Regulation","Sub Catergories":"Roadmapping tools, portfolio management software, scenario analysis tools.\nPerformance dashboards, data visualization tools, business intelligence platforms.\nESB, API gateways, event-driven architectures.\nEnvironmental monitoring software, sustainability reporting tools, analytics platforms.\nCompliance management systems, policy repositories, audit tools.","Extracts":"Clinical Systems Strategy\nCorporate Systems Strategy\nBusiness Information Strategy\nSustainable Infrastructure Strategy\nWhole of Government ICT Strategic Directions"},{"ID":6,"Factors":"Access to information\nConsistency\nPredictability","Groups":"Data and Information Management\nStandardization and Streamlining Processes\nStrategic Planning and Development","Sub Groups":"Data governance\nStandardization and Streamlining Processes\nStrategic Planning and Development","Catergories":"Data Management\nStandards Adherence\nDemand Modeling","Sub Catergories":"Database management systems, data lakes, cloud storage solutions.\nCode quality tools, compliance software, audit management systems.\nSimulation software, scenario planning tools, demand management platforms.","Extracts":"They're making care safer and better by giving clinicians the info they need and setting up systems for consistent, predictable processes across the state."},{"ID":7,"Factors":"Collaboration\nInteroperability\nInformation flow","Groups":"Collaboration and Communication\nSystem Deployment and Integration\nInfrastructure and Hardware Management","Sub Groups":"Teamwork enhancement\nSystem Deployment and Integration\nInfrastructure and Hardware Management","Catergories":"Stakeholder Engagement\nStandards-based Integration\nWorkflow Management","Sub Catergories":"Collaboration platforms, survey software, communication tools.\nAPI management, middleware platforms, protocol converters.\nWorkflow engines, BPM software, task automation platforms.","Extracts":"They're improving teamwork among health agencies in NSW, as well as with private companies and nationally, so everyone can work together better. This means info flows more smoothly, helping patients and making things more efficient."},{"ID":8,"Factors":"Efficient structures\nSystem deployment & Integration\nSustainability\nMinimizing impact\nStreamlined training processes","Groups":"Program and Project Management\nSystem Deployment and Integration\nPolicy and Organizational Reform\nOperational Effectiveness and Efficiency\nEmployee Training and Development","Sub Groups":"Strategic Project Leadership\nSystem Deployment and Integration\nPolicy and Organizational Reform\nOperational Effectiveness and Efficiency\nEmployee Training and Development","Catergories":"Lean Architecture\nDeployment Planning\nSustainability Planning\nRisk Mitigation\nTraining Programs","Sub Catergories":"Modular infrastructure, containerization, cloud-native services.\nProject management software, release management tools, configuration management.\nEnvironmental monitoring software, sustainability reporting tools, analytics platforms.\nContingency planning software, issue tracking systems, response coordination tools.\nLMS, e-learning platforms, training content management.","Extracts":"They're expecting to save a lot of money by setting up new structures and ways of doing things. By rolling out key programs quickly, they'll spend less on managing projects, and they can piggyback on existing changes to save even more. This also means less disruption for clinicians and patients and less money spent on training."},{"ID":9,"Factors":"Support for users\nAlignment with initiatives\nCost savings","Groups":"Consumer Experience and Support\nBusiness Alignment\nFinancial Management and Budgeting","Sub Groups":"Customer service\nBusiness Alignment\nFinancial Management and Budgeting","Catergories":"End-User Support\nProgram Governance\nCost Efficiency","Sub Catergories":"Helpdesk software, remote desktop tools, ticketing systems.\nGovernance platforms, risk management tools, compliance dashboards.\nResource management platforms, cost tracking systems, optimization algorithms.","Extracts":"The ICT Strategy is built on three main ideas:\nBetter support for clinicians and patient care.\nAligning with big NSW Health plans.\nSaving a lot of money.\n\nThese ideas guide five key objectives:\nUsing ICT to drive big changes in clinical care.\nCutting down on duplicated admin systems and costs.\nProviding top-notch info to everyone in the organization.\nSetting up a flexible ICT system that supports both clinical and corporate reforms.\nManaging ICT in a smart, coordinated way to get the most out of the investment."},{"ID":10,"Factors":"ICT Alignment\nGovernance\nInvestment plans\nBusiness strategy","Groups":"Business Alignment\nConsumer Experience and Support\nFinancial Management and Budgeting\nCompliance and Governance","Sub Groups":"Strategic Cohesion\nConsumer Experience and Support\nFinancial Management and Budgeting\nCompliance and Governance","Catergories":"IT-Business Alignment\nProgram Oversight\nCapacity Planning\nStrategic Planning","Sub Catergories":"Balanced scorecards, strategy mapping tools, collaboration platforms.\nProject tracking software, status reporting tools, issue management platforms.\nInfrastructure monitoring tools, capacity modeling software, cloud resource management.\nRoadmapping tools, portfolio management software, scenario analysis tools.","Extracts":"ICT Asset Management Strategy\nNSW Health's Enterprise Architecture, which covers:\nClinical Systems Architecture\nCorporate Systems Architecture and Strategy\nBusiness Information Strategy\nInfrastructure Strategy\nIntegration Architecture Strategy\nICT Governance Framework\nICT Portfolio Management and Program of Work\nICT Investment Plan for 2006-2017."},{"ID":11,"Factors":"ICT Alignment\nRisk Identification\nDependency","Groups":"Business Alignment\nRisk Identification and Management\nSystem Deployment and Integration","Sub Groups":"Strategic Cohesion\nRisk Identification and Management\nSystem Deployment and Integration","Catergories":"IT-Business Alignment\nRisk Management Tools\nSystem Dependencies","Sub Catergories":"Balanced scorecards, strategy mapping tools, collaboration platforms.\nRisk registers, compliance monitoring software, reporting dashboards.\nConfiguration management databases, dependency mapping tools, orchestration platforms.","Extracts":"From the RSP:\nThey've picked out results and services that rely on ICT assets.\nThey've identified risks related to ICT assets that could affect service delivery.\nThey've pinpointed services and measures that hinge on ICT assets working properly.\n\nFrom the NSW Health Corporate Plan:\nThey've considered the overall vision for the community.\nThey've outlined how NSW Health will contribute to this vision.\nThey've focused on strategies to achieve goals, along with potential risks.\nThey've set up ways to measure performance and ensure targets are met.\nThey've looked at the costs involved in reaching the vision and meeting targets."},{"ID":12,"Factors":"Evaluation criteria","Groups":"Financial Management and Budgeting","Sub Groups":"Budget control","Catergories":"Project Metrics","Sub Catergories":"KPI dashboards, analytics tools, reporting software.","Extracts":"    Contribution to major service reform agendas and alignment with planned NSW Health priorities and plans.\n    Support for the patient journey across different care settings and improvement of healthcare quality and safety for a large number of people.\n    Ability to enhance efficiency and effectiveness in healthcare delivery and workforce utilization.\n    Adherence to state ICT strategic planning requirements.\n    Potential to generate a positive return on investment."},{"ID":13,"Factors":"Inclusion\nReplacement\nProcurement","Groups":"Data and Information Management\nResource Management and Utilization\nPolicy and Organizational Reform","Sub Groups":"Data governance\nResource Management and Utilization\nPolicy and Organizational Reform","Catergories":"Equity\nSystem Upgrade\nVendor Management","Sub Catergories":"Inclusive design frameworks, accessibility technology, multilingual platforms.\nPatch management tools, deployment automation, testing frameworks.\nProcurement software, contract management systems, supplier portals.","Extracts":"They should only add new projects to their investment plan. When it's time to replace old systems, they can handle it through contracts with vendors."},{"ID":14,"Factors":"Implementation timeline\nSystems implementation\nSupport for Consumers\nManagement information","Groups":"Future Planning and System Demand\nSystem Deployment and Integration\nConsumer Experience and Support\nData and Information Management","Sub Groups":"Futureproofing\nSystem Deployment and Integration\nConsumer Experience and Support\nData and Information Management","Catergories":"Scheduling\nImplementation Planning\nService Desk\nMIS Systems","Sub Catergories":"Project management software, calendar integration, workflow automation tools.\nProject management software, resource planning tools, risk assessment platforms.\nTicketing systems, knowledge bases, remote support software.\nManagement dashboards, reporting tools, database systems.","Extracts":"By 2011, they plan to have core clinical and corporate systems set up across NSW. This will help patients move through the healthcare system smoothly and ensure efficient management. Implementing the ICT Strategy will bring benefits to patients, clinicians, departments, hospitals, areas, and the whole state."},{"ID":15,"Factors":"Collaboration\nConsumer support\nEmployee management","Groups":"Collaboration and Communication\nCollaboration and Communication\nProgram and Project Management","Sub Groups":"Teamwork enhancement\nCollaboration and Communication\nProgram and Project Management","Catergories":"Stakeholder Engagement\nHelpdesk \/ User Services\nHR Systems","Sub Catergories":"Collaboration platforms, survey software, communication tools.\nTicketing systems, knowledge bases, live chat and call center software.\nPayroll systems, employee databases, performance management platforms.","Extracts":"For patients and clinicians, the goal is to have a complete picture of the patient's health history. This way, all healthcare providers can work together effectively, knowing each other's roles and contributions. Corporate systems also support this by giving a clear view of employees, making sure care is delivered smoothly"},{"ID":16,"Factors":"User optimization\nInformation accessibility\nTime efficiency","Groups":"Operational Effectiveness and Efficiency\nData and Information Management\nOperational Effectiveness and Efficiency","Sub Groups":"Process optimization\nData and Information Management\nOperational Effectiveness and Efficiency","Catergories":"Personalization\nOpen Access\nProcess Automation","Sub Catergories":"User profiling systems, recommendation engines, adaptive UI frameworks.\nPublic portals, content management systems, API gateways.\nRPA tools (UiPath, Automation Anywhere), workflow engines, and scripting frameworks.","Extracts":"The strategy benefits patients by ensuring clinicians have all the information they need for optimal care, easily accessible whenever and wherever it's needed. This saves clinicians time by reducing the need to search for information or repeat tests unnecessarily, giving them more time for direct patient care."},{"ID":17,"Factors":"Resource management\nCapacity optimization\nPlanning","Groups":"Resource Management and Utilization\nCompliance and Governance\nStrategic Planning and Development","Sub Groups":"Sustainable Efficiency\nCompliance and Governance\nStrategic Planning and Development","Catergories":"Resource Allocation Tools\nPerformance Tuning\nStrategic Planning","Sub Catergories":"Capacity planning software, scheduling tools, resource management platforms.\nMonitoring tools, system optimization software, load balancers.\nRoadmapping tools, portfolio management software, scenario analysis tools.","Extracts":"Nursing Unit Manager (NUM) can plan patient care better when they know all the demands and resources. This includes patients from the emergency room, post-surgery, and transfers, as well as available beds and staff skills."},{"ID":18,"Factors":"Integrated analysis & System outcome indicators\nResource availability\nFinancial management","Groups":"Compliance and Governance\nResource Management and Utilization\nFuture Planning and System Demand","Sub Groups":"Regulatory adherence\nResource Management and Utilization\nFuture Planning and System Demand","Catergories":"Analytics Framework Integration\nWorkforce \/ Budget\nBudgeting Systems","Sub Catergories":"Data integration platforms, API gateways, centralized data lakes, and analytics engines.\nResource planning tools, budgeting software, workforce analytics.\nAccounting software, financial databases, and forecasting tools.","Extracts":"At hospital, area, and department executive levels, having a complete portfolio lets them look at health outcomes, service demand, resources, performance, and finances all together."},{"ID":19,"Factors":"Priority areas & Resource allocation\nFunding availability\nCore function delivery & Urgent issue resolution","Groups":"Risk Identification and Management\nCompliance and Governance\nCollaboration and Communication","Sub Groups":"Accountable Risk Management\nCompliance and Governance\nCollaboration and Communication","Catergories":"Resource Prioritization\nFunding Sources\nCore Services","Sub Catergories":"Decision support tools, portfolio management software, resource planning platforms.\nFinancial management systems, grant tracking tools, funding databases.\nApplication servers, service orchestration platforms, API gateways.","Extracts":"The ICT Strategy focuses on key areas and will address them as resources allow. Other initiatives will only be added if they don't affect these core functions or if there's an urgent need."},{"ID":20,"Factors":"Workflow improvement\nDecision support\nResource management\nInformation accessibility","Groups":"Operational Effectiveness and Efficiency\nResource Management and Utilization\nResource Management and Utilization\nData and Information Management","Sub Groups":"Process optimization\nResource Management and Utilization\nResource Management and Utilization\nData and Information Management","Catergories":"Business Process Management\nDecision Support Systems\nResource Allocation Tools\nOpen Access","Sub Catergories":"BPM suites (Appian, Pega), workflow automation tools, and process modeling software.\nBI platforms, predictive analytics engines, data visualization tools.\nCapacity planning software, scheduling tools, resource management platforms.\nPublic portals, content management systems, API gateways.","Extracts":"By 2011, clinical departments will have improved systems for workflow, decision-making support, and accessing necessary information. This helps clinicians make better decisions for patients, leading to safer care"},{"ID":21,"Factors":"Integration of core systems\nInformation accessibility\nResource management","Groups":"System Deployment and Integration\nData and Information Management\nResource Management and Utilization","Sub Groups":"Reliable Implementation\nData and Information Management\nResource Management and Utilization","Catergories":"Core Platform Integration\nOpen Access\nResource Allocation Tools","Sub Catergories":"Middleware, API management tools, ESB (Enterprise Service Bus), microservices architecture.\nPublic portals, content management systems, API gateways.\nCapacity planning software, scheduling tools, resource management platforms.","Extracts":"Integrated hospital systems mean information is collected once and available to all, reducing handover issues and improving resource management for smoother patient care."},{"ID":22,"Factors":"Integration of systems\nInformation accessibility\nResource management\nStandardized information\nCollaboration","Groups":"System Deployment and Integration\nData and Information Management\nResource Management and Utilization\nData and Information Management\nCollaboration and Communication","Sub Groups":"Reliable Implementation\nData and Information Management\nResource Management and Utilization\nData and Information Management\nCollaboration and Communication","Catergories":"Unified Platforms\nOpen Access\nResource Allocation Tools\nData Standards\nStakeholder Engagement","Sub Catergories":"Cloud platforms, integrated application suites, API management.\nPublic portals, content management systems, API gateways.\nCapacity planning software, scheduling tools, resource management platforms.\nIndustry-standard schemas, ontologies, data dictionaries, protocol compliance.\nCollaboration platforms, survey software, communication tools.","Extracts":"The ICT Strategy aims to improve patient care by giving Nursing Unit Managers better information to plan and care for patients, helping hospital executives manage resources and performance, making it easier for departments to access important info and make decisions, integrating key systems across hospitals for smoother patient care, and standardizing information across regions to manage resources and patient transfers more effectively"},{"ID":23,"Factors":"Systems implementation\nStandardized information access\nResource utilization\nManagement of future demand","Groups":"System Deployment and Integration\nData and Information Management\nResource Management and Utilization\nFuture Planning and System Demand","Sub Groups":"Reliable Implementation\nData and Information Management\nResource Management and Utilization\nFuture Planning and System Demand","Catergories":"Implementation Planning\nUniversal Access\nUtilization Metrics\nDemand Forecasting","Sub Catergories":"Project management software, resource planning tools, risk assessment platforms.\nResponsive web design, cross-platform frameworks, accessibility tools.\nMonitoring dashboards, analytics platforms, performance tracking tools.\nStatistical modeling software, machine learning platforms, time series analysis tools.","Extracts":"Rolling out core systems across NSW will have big benefits. Everyone gains, but it's best when the whole state uses them. Standardized info will help NSW Health meet goals by improving patient care, ensuring timely access to services, and better coordination in the health system. Accurate data will help use resources better and manage future needs."},{"ID":24,"Factors":"Increased services demand\nService delivery\nSystem projections","Groups":"Data and Information Management\nConsumer Experience and Support\nFuture Planning and System Demand","Sub Groups":"Data governance\nConsumer Experience and Support\nFuture Planning and System Demand","Catergories":"Scalability\nService Design\nFuture Planning","Sub Catergories":"Cloud infrastructure, load balancers, elastic resource provisioning.\nUX\/UI design tools, service blueprinting software, customer journey mapping.\nStrategic planning software, scenario analysis tools, business intelligence.","Extracts":"A steady increase in demand for services is expected due to an aging population. In NSW, the number of people over 65 is growing quickly. Each year from 2012 to 2028, the percentage of older Australians is projected to rise by over 0.35 points annually, which is about four times the long-term average increase."},{"ID":25,"Factors":"Staff shortages\nCritical areas\nUser capacity","Groups":"System Maintenance and Support\nData and Information Management\nSystem and Technology Improvement","Sub Groups":"Responsive Support\nData and Information Management\nSystem and Technology Improvement","Catergories":"Workforce Planning\nPriority Services\nUser Scalability","Sub Catergories":"Forecasting tools, capacity planning software, recruitment systems\nService catalogues, resource planning tools, demand management software.\nLoad testing tools, cloud elasticity, session management.","Extracts":"Staff shortages in critical areas such as nursing and medicine Hospitals running at maximum capacity"},{"ID":26,"Factors":"Increase database\nRising system usage\nFuture system demand","Groups":"Data and Information Management\nData and Information Management\nInfrastructure and Hardware Management","Sub Groups":"Data governance\nData and Information Management\nInfrastructure and Hardware Management","Catergories":"Data Collection\nScalability\nBusiness Process Management","Sub Catergories":"ETL tools, data capture applications, IoT sensors, data pipelines.\nCloud infrastructure, load balancers, elastic resource provisioning.\nBPM platforms (e.g., Appian, Pega), workflow engines, process automation tools.","Extracts":"The rate of chronic diseases like heart disease, lung disease, diabetes, and cancer is rising. Obesity is becoming more common among young people, and our increasingly globalized society raises the risk of pandemics."},{"ID":27,"Factors":"Knowledge management\nIT system advancement","Groups":"Data and Information Management\nSystem and Technology Improvement","Sub Groups":"Data governance\nSystem and Technology Improvement","Catergories":"KM Systems\nDigital Modernization","Sub Catergories":"Knowledge bases, document management, collaboration software.\nCloud migration tools, microservices, container orchestration, legacy system refactoring.","Extracts":"An increasing body of medical knowledge that staff cannot manage and\nuse without advanced IT systems"},{"ID":28,"Factors":"Expensive technologies\nCostly materials","Groups":"Future Planning and System Demand\nFinancial Management and Budgeting","Sub Groups":"Futureproofing\nFinancial Management and Budgeting","Catergories":"Cost Analysis\nProcurement Strategy","Sub Catergories":"Financial analytics software, cost modeling tools, procurement databases.\nVendor management systems, procurement software, contract management tools.","Extracts":"Health services are increasingly challenged by more expensive medical technologies and pharmaceuticals"},{"ID":29,"Factors":"Informed consumers\nHigh expectations\nComplex needs problems","Groups":"System Deployment and Integration\nBusiness Alignment\nOperational Effectiveness and Efficiency","Sub Groups":"Reliable Implementation\nBusiness Alignment\nOperational Effectiveness and Efficiency","Catergories":"Health Literacy Tools\nStakeholder Engagement\nCare Coordination Systems","Sub Catergories":"Patient education portals, multimedia content delivery systems, accessibility software.\nCollaboration platforms, survey software, communication tools.\nPatient management systems, health information exchanges, secure messaging platforms.","Extracts":"Consumers are becoming more informed, have higher expectations and more complex problems"},{"ID":30,"Factors":"Quality & Safety standards\nHigh user rates\nSafe working capacity","Groups":"Operational Effectiveness and Efficiency\nBusiness Alignment\nSystem and Technology Improvement","Sub Groups":"Process optimization\nBusiness Alignment\nSystem and Technology Improvement","Catergories":"Compliance Framework\nSystem Scalability\nOccupational Safety","Sub Catergories":"Governance platforms, risk management tools, regulatory reporting systems.\nCloud auto-scaling, load balancing, distributed databases.\nSafety monitoring systems, compliance software, incident reporting tools.","Extracts":"Quality and safety standards are being challenged as demand increases and staff numbers decrease. For instance, from 2000 to 2005, NSW hospitals had an average occupancy of 93%. Some metropolitan hospitals had surgical and medical wards with 95-98% occupancy, while 85% is considered a much safer level."},{"ID":31,"Factors":"Communication\nPolicies & Procedures\nSkills and competence\nWork scheduling","Groups":"Standardization and Streamlining Processes\nStrategic Planning and Development\nEmployee Training and Development\nProgram and Project Management","Sub Groups":"Consistent Excellence\nStrategic Planning and Development\nEmployee Training and Development\nProgram and Project Management","Catergories":"Communication Tools\nGovernance\nWorkforce Development\nScheduling Tools","Sub Catergories":"Unified communications systems, VoIP, video conferencing platforms.\nPolicy management systems, compliance tracking, audit management tools.\nLMS, career planning software, skills tracking platforms.\nWorkforce scheduling software, task management systems, resource planners.","Extracts":"The key factors that cause these adverse events are:\n_x0001_ Communication\n_x0001_ Policies and procedures\n_x0001_ Knowledge, skills and competence issues\n_x0001_ Work scheduling"},{"ID":32,"Factors":"Lack of core ICT systems\nSystem reform","Groups":"System and Technology Improvement\nPolicy and Organizational Reform","Sub Groups":"Innovative Evolution\nPolicy and Organizational Reform","Catergories":"System Deficit\nModernization Strategy","Sub Catergories":"Gap analysis tools, system health monitoring, modernization frameworks.\nCloud adoption frameworks, microservices, DevOps toolchains.","Extracts":"Clinical ICT is becoming an increasingly important enabler of health\nsystem reform, yet the core systems to underpin reform are not\ncurrently in place."},{"ID":33,"Factors":"Constraints in funding\nSkilled project management\nCapacity for large-scale change","Groups":"Consumer Experience and Support\nProgram and Project Management\nResource Management and Utilization","Sub Groups":"Customer service\nProgram and Project Management\nResource Management and Utilization","Catergories":"Budget Constraint Handling\nProject Capability\nChange Readiness","Sub Catergories":"Financial planning software, cost tracking systems, and resource allocation platforms.\nProject management software, resource planning tools, collaboration platforms.\nReadiness assessment tools, survey platforms, stakeholder engagement systems.","Extracts":"Constraints in capital and recurrent funding, skilled project\nmanagement and implementation resources and capacity of the health\nsystems to accommodate large scale change all restrict the potential\nspeed of implementation of core systems."},{"ID":34,"Factors":"Competing demands for ICT funds\nPriority determination\nProject scheduling complexity","Groups":"Consumer Experience and Support\nRisk Identification and Management\nOperational Effectiveness and Efficiency","Sub Groups":"Customer service\nRisk Identification and Management\nOperational Effectiveness and Efficiency","Catergories":"Budget Allocation Strategies\nPrioritization Matrix\nProject Management","Sub Catergories":"ERP systems, budgeting modules, and portfolio management software.\nDecision support software, scoring tools, resource management platforms.\nScheduling tools, collaboration platforms, resource allocation software.","Extracts":"There are many competing demands for ICT funds. Deciding which projects to prioritize and schedule is complex and needs ongoing review to ensure funds are allocated where they will be most beneficial."},{"ID":35,"Factors":"Convergence of issues\nSignificant risk environment\nNeed for service delivery change","Groups":"Consumer Experience and Support\nRisk Identification and Management\nOperational Effectiveness and Efficiency","Sub Groups":"Customer service\nRisk Identification and Management\nOperational Effectiveness and Efficiency","Catergories":"Integrated Service Design\nRisk Register\nService Innovation","Sub Catergories":"Service design software, cross-system integration platforms, user journey mapping tools.\nRisk repository systems, mitigation tracking platforms, compliance dashboards.\nIdea management platforms, R&D tracking software, prototyping tools.","Extracts":"NSW Health needs to change how it delivers services to meet these challenges. They've started a big reform program and need the right IT solutions to support staff and make these changes last"},{"ID":36,"Factors":"Demand for services\nWorkforce shortages\nGovernment priorities\nICT strategies","Groups":"System Deployment and Integration\nSystem Maintenance and Support\nConsumer Experience and Support\nImplementation Challenges and Delays","Sub Groups":"Reliable Implementation\nSystem Maintenance and Support\nConsumer Experience and Support\nImplementation Challenges and Delays","Catergories":"Service Planning\nBusiness Process Management\nPolicy Objectives\nImplementation Roadmap","Sub Catergories":"Capacity planning software, demand forecasting tools, strategic planning platforms.\nApplication\nStrategic planning tools, balanced scorecards, performance management software.\nTimeline tools, milestone tracking software, dependency mapping tools.","Extracts":"NSW Health is responding to big challenges like more people needing healthcare and not enough staff. They're looking at what the government wants, like improving mental health and using better technology. That helps them decide what to do next and where to spend money."},{"ID":37,"Factors":"Alignment with Results and Services Plan\nSupport for strategic programs\nAlignment with reform programs\nConsideration of whole-of-government strategies","Groups":"Resource Management and Utilization\nPolicy and Organizational Reform\nBusiness Alignment\nStandardization and Streamlining Processes","Sub Groups":"Sustainable Efficiency\nPolicy and Organizational Reform\nBusiness Alignment\nStandardization and Streamlining Processes","Catergories":"Results-Based Planning\nStrategic Support\nChange Management\nPolicy Alignment","Sub Catergories":"Performance management software, strategic planning tools, reporting dashboards.\nCollaboration platforms, project management tools, communication systems.\nCollaboration tools, training portals, feedback and adoption tracking systems.\nStrategy mapping software, governance frameworks, collaboration platforms.","Extracts":"The Results and Services Plan guides everything in NSW Health. There are other plans helping out too. The ICT Strategic Plan is one of them, making sure it works well with the main plan. They also look at what the whole government and the country are doing."},{"ID":38,"Factors":"Preventative solutions\nUser experience\nFuture benefits\nStrengthening relationships\nCosts of services\nSustainable Workforce\nNew risk potential","Groups":"Financial Management and Budgeting\nConsumer Experience and Support\nCompliance and Governance\nCollaboration and Communication\nCollaboration and Communication\nSystem Maintenance and Support\nRisk Identification and Management","Sub Groups":"Budget control\nConsumer Experience and Support\nCompliance and Governance\nCollaboration and Communication\nCollaboration and Communication\nSystem Maintenance and Support\nRisk Identification and Management","Catergories":"Early Intervention Tools\nUX Design\nForecasting\nStakeholder Engagement\nService Costing\nHR Strategy\nRisk Assessment","Sub Catergories":"Predictive analytics, alerting systems, patient monitoring platforms.\nPrototyping tools, user testing platforms, accessibility compliance software.\nPredictive analytics, trend analysis tools, scenario modeling platforms.\nCollaboration platforms, survey software, communication tools.\nCost tracking software, financial planning tools, billing systems.\nWorkforce planning tools, talent management software, analytics dashboards.\nRisk scoring tools, audit management software, compliance tracking systems.","Extracts":"The RSP is NSW Health's main plan to tackle challenges. They have four main goals:\nKeep people healthy\nProvide needed healthcare\nDeliver top-quality services\nManage health services well\n\nTo achieve these, they focus on seven key directions:\nGet everyone involved in prevention\nImprove people's healthcare experiences\nStrengthen community care\nWork with others for better health\nMake wise choices about healthcare costs\nBuild a strong healthcare workforce\nStay prepared for new challenges and chances"},{"ID":39,"Factors":"Reducing risk factors\nPreventing consumer issues\nInterventions for high-risk consumers","Groups":"Risk Identification and Management\nOperational Effectiveness and Efficiency\nConsumer Experience and Support","Sub Groups":"Accountable Risk Management\nOperational Effectiveness and Efficiency\nConsumer Experience and Support","Catergories":"Risk Mitigation\nRisk Management\nPredictive Analytics","Sub Catergories":"Contingency planning software, issue tracking systems, response coordination tools.\nIncident tracking software, mitigation planning tools, policy enforcement platforms.\nMachine learning platforms, data mining tools, statistical software.","Extracts":"NSW Health wants to prevent sickness and promote good health habits. They're focusing on getting more people vaccinated and helping those at risk for diseases like diabetes. ICT can help by sending alerts about things like missed vaccinations or overdue check-ups"},{"ID":40,"Factors":"Availability of services\nEffectiveness of services\nCoordination of care\nSupporting new care models\nSustainability of reform\nInformation flow along consumer journey\nConsumer experience improvement\nAppropriate consumer delivery","Groups":"Business Alignment\nConsumer Experience and Support\nCollaboration and Communication\nConsumer Experience and Support\nPolicy and Organizational Reform\nInfrastructure and Hardware Management\nConsumer Experience and Support\nResource Management and Utilization","Sub Groups":"Strategic Cohesion\nConsumer Experience and Support\nCollaboration and Communication\nConsumer Experience and Support\nPolicy and Organizational Reform\nInfrastructure and Hardware Management\nConsumer Experience and Support\nResource Management and Utilization","Catergories":"Service Availability\nService Evaluation\nCapital Planning\nModel of Care\nLong-term Planning\nJourney Mapping\nUX Design\nService Design","Sub Catergories":"Monitoring systems, failover infrastructure, SLA tracking software.\nSurvey tools, analytics platforms, performance dashboards.\nFinancial planning software, ERP systems, investment portfolio management tools.\nClinical management software, patient engagement platforms, analytics tools.\nStrategic planning software, forecasting models, scenario analysis tools.\nCustomer experience software, analytics platforms, visualization tools.\nPrototyping tools, user testing platforms, accessibility compliance software.\nUX\/UI design tools, service blueprinting software, customer journey mapping.","Extracts":"NSW Health wants to make sure everyone gets the care they need, when they need it. They're using tech to support new ways of caring for people and making sure changes stick. Better info during your care journey means a better experience and getting the right care."},{"ID":41,"Factors":"Complexity and duplication in service delivery\nNeed for improved collaboration\nEnhancement of coordination\nQuality and safety improvement\nAppropriate resource utilization","Groups":"Compliance and Governance\nCollaboration and Communication\nFinancial Management and Budgeting\nOperational Effectiveness and Efficiency\nConsumer Experience and Support","Sub Groups":"Regulatory adherence\nCollaboration and Communication\nFinancial Management and Budgeting\nOperational Effectiveness and Efficiency\nConsumer Experience and Support","Catergories":"Process Optimization\nCollaboration Tools\nWorkflow Systems\nContinuous Improvement\nResource Optimization","Sub Catergories":"Workflow engines, automation platforms, process mining tools.\nTeam communication apps (e.g., Teams, Slack), document sharing platforms, virtual meeting tech.\nBusiness process automation tools, collaboration platforms, monitoring software.\nPerformance monitoring tools, quality management software, analytics platforms.\nAutomation tools, analytics platforms, load balancing systems.","Extracts":"NSW Health aims to improve healthcare by working better together. They're using tech to help everyone collaborate and use resources wisely. That means better tools for healthcare workers and making sure everyone gets great care."},{"ID":42,"Factors":"Constraints and opportunities\nAlignment with national initiatives","Groups":"Financial Management and Budgeting\nBusiness Alignment","Sub Groups":"Budget control\nBusiness Alignment","Catergories":"Risk and Opportunity Analysis\nPolicy Compliance","Sub Catergories":"Risk management platforms, SWOT analysis tools, scenario planning software.\nAutomated compliance monitoring, reporting systems, risk assessment tools.","Extracts":"The NSW Government's IT setup influences NSW Health's ICT plan. They aim to make sure NSW initiatives match up with and sometimes even help shape national and statewide plans"},{"ID":43,"Factors":"New directions for IT\nPrimary goals of Executive Council","Groups":"System and Technology Improvement\nOperational Effectiveness and Efficiency","Sub Groups":"Innovative Evolution\nOperational Effectiveness and Efficiency","Catergories":"Innovation Strategy\nStrategic Goals","Sub Catergories":"Idea management platforms, R&D tracking software, technology scouting tools.\nGoal-setting software, KPI tracking tools, executive dashboards.","Extracts":"The NSW Government is changing how they use computers and stuff. They want to save money on the boring tech stuff while keeping important services running smoothly. They're spending more on technology for important services and finding ways to save money with computers. This means using one fund for all tech needs, having a plan for the whole state, using fewer computer programs, sharing tech, and buying things together."},{"ID":44,"Factors":"Government priorities\nReform agenda\nBusiness reform\nImprovements to Indigenous consumers\nPreventative services","Groups":"Consumer Experience and Support\nPolicy and Organizational Reform\nBusiness Alignment\nData and Information Management\nStrategic Planning and Development","Sub Groups":"Customer service\nPolicy and Organizational Reform\nBusiness Alignment\nData and Information Management\nStrategic Planning and Development","Catergories":"Policy Objectives\nChange Strategy\nChange Initiatives\nInclusive Design\nPreventive Care Systems","Sub Catergories":"Strategic planning tools, balanced scorecards, performance management software.\nStrategic planning software, roadmapping tools, business intelligence dashboards.\nChange management software, communication platforms, project tracking tools.\nUser research platforms, accessibility testing tools, UI\/UX design software.\nHealth monitoring devices, alerting platforms, patient engagement software.","Extracts":"COAG is a group working on important national stuff like mental health, healthcare workers, flu plans, and electronic health records. They're making big plans for healthcare, like making hospitals better and helping people stay healthy. This ICT plan is part of making those plans work by improving healthcare in hospitals and communities"},{"ID":45,"Factors":"Collaboration across jurisdictions\nConsistency in systems approaches\nNational information network\nRegulatory frameworks","Groups":"Collaboration and Communication\nStandardization and Streamlining Processes\nData and Information Management\nCompliance and Governance","Sub Groups":"Teamwork enhancement\nStandardization and Streamlining Processes\nData and Information Management\nCompliance and Governance","Catergories":"Interagency Cooperation\nSystem Architecture\nNational Infrastructure\nPolicy Environment","Sub Catergories":"Secure collaboration platforms, data sharing agreements, federation technologies.\nCloud platforms, microservices, network topology management.\nWide area networks, government cloud services, shared service platforms.\nRegulatory databases, legislative tracking tools, risk management platforms.","Extracts":"The eHealth initiative involves all states, territories, and the Australian Government. It began in 2000 to set up e-health across Australia. The Australian Government has invested $128 million in e-health projects across the country, plus an extra $10 million in 2005 for managed health network grants. The aim is to make sure everyone works together, with consistent approaches to eHealth, creating a national health information network. The program also helps make the right rules for eHealth initiatives."},{"ID":46,"Factors":"ICT standards\nICT strategic plan\nInteroperability\nStandardized information\nUnique Identifiers\nIndividual Electronic Record\nIdentity management standards\nSecure messaging\nSupply chain management","Groups":"Implementation Challenges and Delays\nImplementation Challenges and Delays\nSystem Deployment and Integration\nData and Information Management\nData Security, Quality and Privacy\nConsumer Experience and Support\nImplementation Challenges and Delays\nData Security, Quality and Privacy\nResource Management and Utilization","Sub Groups":"Resilient Execution\nImplementation Challenges and Delays\nSystem Deployment and Integration\nData and Information Management\nData Security, Quality and Privacy\nConsumer Experience and Support\nImplementation Challenges and Delays\nData Security, Quality and Privacy\nResource Management and Utilization","Catergories":"Compliance and Standards\nLong-term Planning\nStandards-based Integration\nData Standards\nIdentity Management\nDigital Health Records\nIAM\nEncrypted Communication\nLogistics Systems","Sub Catergories":"Policy management systems, audit tools, compliance tracking software.\nStrategic planning software, forecasting models, scenario analysis tools.\nAPI management, middleware platforms, protocol converters.\nIndustry-standard schemas, ontologies, data dictionaries, protocol compliance.\nUnique identifier systems, authentication protocols, identity federation services.\nEHR\/EMR platforms, secure cloud hosting, compliance with health data regulations (HIPAA, etc.).\nIdentity providers, Single Sign-On (SSO), multi-factor authentication, directory services.\nEnd-to-end encryption protocols, secure messaging platforms, PKI infrastructure.\nSupply chain management software, inventory tracking, transportation management.","Extracts":"focuses on developing national health information management and communication technology standards. Its work includes creating frameworks for interoperability, standardizing clinical communications, establishing unique healthcare identifiers, and preparing standards for individual electronic health records, identity management, secure messaging, and supply chain management."},{"ID":47,"Factors":"Corporate reform program\nICT reform program\nImplementation of IT solutions","Groups":"Financial Management and Budgeting\nData Security, Quality and Privacy\nConsumer Experience and Support","Sub Groups":"Budget control\nData Security, Quality and Privacy\nConsumer Experience and Support","Catergories":"Organizational Change\nTransformation Planning\nRollout Process","Sub Catergories":"Change management platforms, communication tools, training software.\nChange management platforms, roadmap software, communication tools.\nDeployment automation tools, change management software, communication platforms.","Extracts":"To tackle challenges and prepare for the future, NSW Health is changing how it delivers services. Implementing IT solutions to support staff and integrate business processes is key for sustainable service delivery changes."},{"ID":48,"Factors":"Development of ICT strategy\nInvestment priorities\nBudget negotiation\nProgram delivery","Groups":"Collaboration and Communication\nFinancial Management and Budgeting\nBusiness Alignment\nCompliance and Governance","Sub Groups":"Teamwork enhancement\nFinancial Management and Budgeting\nBusiness Alignment\nCompliance and Governance","Catergories":"ICT Strategic Planning\nPriority Setting\nFinancial Planning\nExecution Management","Sub Catergories":"Roadmapping tools, portfolio management software, stakeholder collaboration platforms.\nStrategic planning tools, stakeholder engagement software, analytics platforms.\nBudgeting software, forecasting models, financial dashboards.\nProject tracking software, status dashboards, resource allocation tools.","Extracts":"NEHTA makes sure health info works the same way everywhere in Australia. They're working on stuff like making sure doctors' notes and patient info look the same everywhere. They're also setting up a single ID for healthcare and getting ready for a national health record system. Plus, they're making sure the stuff doctors send each other is safe, and helping with buying healthcare stuff"},{"ID":49,"Factors":"Responsibilities of Support Services\nImplementation of system\nMaintenance of systems\nSupport for Consumers\nHardware management\nSoftware management","Groups":"Policy and Organizational Reform\nData and Information Management\nSystem Maintenance and Support\nConsumer Experience and Support\nBusiness Alignment\nData and Information Management","Sub Groups":"Governance with Integrity\nData and Information Management\nSystem Maintenance and Support\nConsumer Experience and Support\nBusiness Alignment\nData and Information Management","Catergories":"Operational Support\nDeployment\nSystem Operations\nService Desk\nIT Asset Management\nVersion Control","Sub Catergories":"Service management tools, helpdesk platforms, infrastructure monitoring.\nCI\/CD pipelines, containerization (Docker), infrastructure as code (Terraform).\nIT service management platforms, automation tools, incident response systems.\nTicketing systems, knowledge bases, remote support software.\nInventory management systems, hardware monitoring tools, and configuration management databases.\nGit, SVN, repository hosting platforms like GitHub, GitLab.","Extracts":"Health Support Services sets up and maintains key computer systems for healthcare. They give specific IT help to Area Health Services as defined by the law. This includes managing computers, software, and helping with setting up systems."},{"ID":50,"Factors":"Responsibilities of Services\nLocal implementations\nChange management\nStaff training\nBenefits realization","Groups":"Policy and Organizational Reform\nSystem Deployment and Integration\nCollaboration and Communication\nEmployee Training and Development\nResource Management and Utilization","Sub Groups":"Governance with Integrity\nSystem Deployment and Integration\nCollaboration and Communication\nEmployee Training and Development\nResource Management and Utilization","Catergories":"Service Charter\nSite-Specific Rollouts\nTransition Planning\nProfessional Development\nBenefits Management Framework","Sub Catergories":"Policy management platforms, communication portals, service level documentation.\nProject management tools, localized deployment platforms, communication systems.\nProject scheduling, resource allocation software, stakeholder engagement platforms.\nLearning management systems, training tracking software, e-learning platforms.\nPerformance tracking software, KPI dashboards, and financial modeling tools.","Extracts":"Area Health Services are responsible for the management of local\nimplementations, change management and training of staff and benefits\nrealisation."},{"ID":51,"Factors":"Prioritization of programs and projects\nSound investment decisions\nBenefit to the organization\nCommon processes across ICT\nCollaborative framework","Groups":"Risk Identification and Management\nFinancial Management and Budgeting\nBusiness Alignment\nCollaboration and Communication\nCollaboration and Communication","Sub Groups":"Accountable Risk Management\nFinancial Management and Budgeting\nBusiness Alignment\nCollaboration and Communication\nCollaboration and Communication","Catergories":"Portfolio Management\nROI Analysis\nOrganizational Value\nProcess Standardization\nGovernance Structure","Sub Catergories":"Project portfolio management (PPM) tools, resource allocation software.\nFinancial modeling tools, business case software, investment tracking systems.\nPerformance measurement systems, value tracking tools, business intelligence.\nSOP management software, compliance tools, training platforms.\nOrganizational chart software, collaboration platforms, communication channels.","Extracts":"They pick the most important projects and invest wisely for the health system. We work together on ICT stuff and have clear rules. This helps us decide what to build and how to run things"},{"ID":52,"Factors":"Evaluation criteria\nPrioritization\nMonitoring\nAchieving business priorities","Groups":"Financial Management and Budgeting\nProgram and Project Management\nSystem Maintenance and Support\nBusiness Alignment","Sub Groups":"Budget control\nProgram and Project Management\nSystem Maintenance and Support\nBusiness Alignment","Catergories":"Project Metrics\nDecision Framework\nSystem Monitoring\nStrategic Alignment","Sub Catergories":"KPI dashboards, analytics tools, reporting software.\nDecision modeling tools, rule engines, workflow automation.\nMonitoring dashboards, alerting systems, log management tools.\nBalanced scorecards, strategy mapping tools, performance management platforms.","Extracts":"NSW Health uses a coordinated approach to manage ICT projects. This helps us evaluate, prioritize, select, and monitor programs and projects. We adjust as needed to meet our business goals."},{"ID":53,"Factors":"Standardizing processes across ICT\nGuidelines application","Groups":"Standardization and Streamlining Processes\nBusiness Alignment","Sub Groups":"Consistent Excellence\nBusiness Alignment","Catergories":"ITIL \/ SOPs\nBest Practice Implementation","Sub Catergories":"Process documentation tools, service management platforms, compliance tracking.\nCompliance management systems, policy enforcement software, and audit trail logging.","Extracts":"They have set ways of doing things that support our ICT plan. These cover every step of a project's life."},{"ID":54,"Factors":"Collaborative implementation\nIntegration of governance models\nConsistency in application development","Groups":"Standardization and Streamlining Processes\nCompliance and Governance\nStandardization and Streamlining Processes","Sub Groups":"Consistent Excellence\nCompliance and Governance\nStandardization and Streamlining Processes","Catergories":"Joint Program Delivery\nGovernance Integration\nDev Standards","Sub Catergories":"Collaborative project management tools, communication platforms, shared resource pools.\nIntegrated risk management platforms, cross-department workflow tools.\nCoding standards enforcement tools, static analysis, version control systems.","Extracts":"To make the strategy work, NSW Health collaborates with the Department of Health, Area Health Services, Health Technology, and third-party providers, using shared decision-making processes and building core applications at the state level"},{"ID":55,"Factors":"Classification of applications\nManagement of applications\nResource management\nAchieving outcomes","Groups":"Collaboration and Communication\nSystem Maintenance and Support\nResource Management and Utilization\nOperational Effectiveness and Efficiency","Sub Groups":"Teamwork enhancement\nSystem Maintenance and Support\nResource Management and Utilization\nOperational Effectiveness and Efficiency","Catergories":"Application Categorization\nApplication Lifecycle Management\nResource Allocation Tools\nOutcome Measurement","Sub Catergories":"Metadata repositories, CMDB systems, and application portfolio management tools.\nDevOps pipelines, container orchestration (Kubernetes), version control, and monitoring tools.\nCapacity planning software, scheduling tools, resource management platforms.\nKPI tracking tools, performance dashboards, data visualization software.","Extracts":"Applications and projects are categorized as core, common, or divergent, influencing their prioritization, funding, and management, with core ones managed by the Department, common ones collaboratively, and divergent ones allowing for innovative solutions to local needs."},{"ID":56,"Factors":"Alignment with business benefits\nRisk Identification\nDisconnect of strategy and implementation","Groups":"Business Alignment\nRisk Identification and Management\nCompliance and Governance","Sub Groups":"Strategic Cohesion\nRisk Identification and Management\nCompliance and Governance","Catergories":"Business Case Development\nRisk Management Tools\nExecution Gap","Sub Catergories":"Project management tools, ROI calculators, and collaboration platforms.\nRisk registers, compliance monitoring software, reporting dashboards.\nPerformance monitoring, gap analysis tools, workflow optimization software.","Extracts":"The Project Governance framework makes sure projects do what they're supposed to and deliver the benefits they promised. It helps NSW Health focus on the right projects and ensures they're done correctly. This way, strategy and delivery stay connected, reducing risks for the whole portfolio"},{"ID":57,"Factors":"Development process\nIntegration with existing methodology\nInformed decision-making","Groups":"System Deployment and Integration\nSystem Deployment and Integration\nSystem Deployment and Integration","Sub Groups":"Reliable Implementation\nSystem Deployment and Integration\nSystem Deployment and Integration","Catergories":"Software Development Lifecycle\nMethodological Compatibility\nData Analytics and Reporting","Sub Catergories":"Version control systems, CI\/CD pipelines, code review tools.\nStandards compliance tools, integration frameworks, API adapters.\nData warehouses, BI tools (like Power BI, Tableau), ETL processes, and real-time dashboards.","Extracts":"In the Content Development phase, they design and build a prototype, then review it with clinicians. We use a method called Fast Track, which makes the process quicker. The prototype helps clinicians understand the application better and decide if it works for them"},{"ID":58,"Factors":"Large content management\nResource constraints\nSkills \/ Training\nScope creep","Groups":"Data and Information Management\nResource Management and Utilization\nEmployee Training and Development\nProgram and Project Management","Sub Groups":"Data governance\nResource Management and Utilization\nEmployee Training and Development\nProgram and Project Management","Catergories":"ECM (Enterprise Content Management)\nResource Bottlenecks\nLMS\nProject Governance","Sub Catergories":"Document management systems, metadata tagging, workflow automation.\nPerformance monitoring, workflow analysis software, optimization tools.\nE-learning platforms, content management systems, training analytics software.\nRisk and compliance software, stakeholder management tools, reporting dashboards.","Extracts":"In the Implementation phase, they're putting in the content decided by the state. Doing it all at once might seem like a lot, but it's the most efficient and cost-effective way. Using the Fast Track Method makes things quicker and cheaper, sticking to a standard design with state content. This means less hassle and less time spent learning for Area Health Services staff. Their team knows how to build the database, and doing things fast helps them stick to the plan without adding extra stuff."},{"ID":59,"Factors":"Equal system participation\nChange control process\nCore functionality vs area-specific needs","Groups":"Standardization and Streamlining Processes\nCompliance and Governance\nCompliance and Governance","Sub Groups":"Consistent Excellence\nCompliance and Governance\nCompliance and Governance","Catergories":"User Accessibility Solutions\nGovernance\nApplication Design Strategy","Sub Catergories":"Accessibility APIs, adaptive UI frameworks, assistive technologies, and responsive design across platforms.\nPolicy management systems, compliance tracking, audit management tools.\nModular architecture, microservices, API management, and user-centered design platforms.","Extracts":"The SBB uses a maturity model to improve its features over time, with all Area Health Services contributing to each version, changes requiring approval from the majority of the Application Advisory Group, and new versions released annually, featuring required core functions, modifiable features, and local content."},{"ID":60,"Factors":"Alignment\nImplementation delays\nAllocation of resources","Groups":"Business Alignment\nConsumer Experience and Support\nConsumer Experience and Support","Sub Groups":"Strategic Cohesion\nConsumer Experience and Support\nConsumer Experience and Support","Catergories":"Strategic Planning\nTimeline Risk\nResource Management","Sub Catergories":"Roadmapping tools, portfolio management software, scenario analysis tools.\nProject risk management software, scheduling tools, issue tracking.\nWorkforce management software, budgeting tools, project tracking systems.","Extracts":"The Clinical Systems Strategy aims to implement essential clinical systems supporting Clinical Services Redesign, Quality and Safety initiatives, and clinical programs. It focuses on improving communication, reducing delays, and supporting patient care, ensuring resources are allocated flexibly to meet patient needs"},{"ID":61,"Factors":"Management of programs\nIntegration of systems\nCompatibility between systems","Groups":"Program and Project Management\nSystem Deployment and Integration\nFinancial Management and Budgeting","Sub Groups":"Strategic Project Leadership\nSystem Deployment and Integration\nFinancial Management and Budgeting","Catergories":"Program Oversight\nUnified Platforms\nIntegration Architecture","Sub Catergories":"Project tracking software, status reporting tools, issue management platforms.\nCloud platforms, integrated application suites, API management.\nAPI gateways, ESB, microservices architecture, message brokers.","Extracts":"Three programs support the Clinical Systems Strategy: the Electronic Medical Record program for managing patients in hospitals, the Primary, Community, and Outpatient Care program for community care, and the Clinical Support program for essential support systems like Patient Administration and diagnostics."},{"ID":62,"Factors":"Integration of unified systems\nDisruption to processes\nData security\nData privacy","Groups":"System Deployment and Integration\nResource Management and Utilization\nData and Information Management\nData Security, Quality and Privacy","Sub Groups":"Reliable Implementation\nResource Management and Utilization\nData and Information Management\nData Security, Quality and Privacy","Catergories":"Case Management Systems\nBusiness Continuity Planning\nCybersecurity\nPrivacy and Security","Sub Catergories":"CRM systems, document management, integrated health IT platforms.\nBackup and recovery systems, failover clusters, and disaster recovery platforms.\nFirewalls, intrusion detection systems, endpoint protection, identity and access management.\nEncryption tools, access control systems, data loss prevention software.","Extracts":"The Corporate Systems Strategy sets up essential systems to support the Corporate Shared Services reform program, cutting duplication and costs in administrative tasks to redirect funds to frontline care, with the Corporate Systems program as its backbone."},{"ID":63,"Factors":"Timeliness\nAccuracy of data\nAccuracy of Reporting\nIntegration of data\nUnified platform\nData accessibility\nData privacy","Groups":"Operational Effectiveness and Efficiency\nData Security, Quality and Privacy\nData Security, Quality and Privacy\nSystem Deployment and Integration\nSystem Deployment and Integration\nData and Information Management\nData Security, Quality and Privacy","Sub Groups":"Process optimization\nData Security, Quality and Privacy\nData Security, Quality and Privacy\nSystem Deployment and Integration\nSystem Deployment and Integration\nData and Information Management\nData Security, Quality and Privacy","Catergories":"Responsiveness\nData Quality\nReporting Systems\nData Interoperability\nPlatform Architecture\nOpen Data \/ Interoperability\nPrivacy and Security","Sub Catergories":"Incident management systems, alerting platforms, customer support software.\nData cleansing tools, validation software, profiling and monitoring tools.\nBusiness intelligence platforms, dashboard software, data visualization tools.\nData integration platforms, API connectors, standard data exchange protocols (e.g., HL7, FHIR).\nCloud platforms, microservices architecture, container orchestration.\nOpen data standards, APIs, data portals.\nEncryption tools, access control systems, data loss prevention software.","Extracts":"The Business Information Strategy aims to provide timely, high-quality information throughout the organization, fostering a performance-driven culture. It helps turn data into insights, supports decision-making, aligns with strategic goals, ensures accountability, and follows the overall program and change management approach."},{"ID":64,"Factors":"Prioritization\nAlignment\nMonitoring","Groups":"Program and Project Management\nBusiness Alignment\nSystem Maintenance and Support","Sub Groups":"Strategic Project Leadership\nBusiness Alignment\nSystem Maintenance and Support","Catergories":"Decision Framework\nStrategic Planning\nSystem Monitoring","Sub Catergories":"Decision modeling tools, rule engines, workflow automation.\nRoadmapping tools, portfolio management software, scenario analysis tools.\nMonitoring dashboards, alerting systems, log management tools.","Extracts":"Three programs support the Business Information Strategy: one delivers useful information to front-line staff, another integrates strategic frameworks and develops performance measures, and the third ensures systems can provide consistent data and sets up technical infrastructure"},{"ID":65,"Factors":"Infrastructure efficiency\nStandardized information\nResource optimization","Groups":"Data and Information Management\nData and Information Management\nResource Management and Utilization","Sub Groups":"Data governance\nData and Information Management\nResource Management and Utilization","Catergories":"Infrastructure Optimization\nData Standards\nEfficiency Tools","Sub Catergories":"Network monitoring, virtualization platforms, cloud cost management tools.\nIndustry-standard schemas, ontologies, data dictionaries, protocol compliance.\nMonitoring software, load balancers, resource scheduling platforms.","Extracts":"The Sustainable Infrastructure program aims to streamline technical infrastructure, establish and uphold standards and architecture for statewide ICT initiatives, and ensure maximum benefit from ICT investments."},{"ID":66,"Factors":"Infrastructure coherence\nStandard adherence\nData quality","Groups":"System Deployment and Integration\nOperational Effectiveness and Efficiency\nData and Information Management","Sub Groups":"Reliable Implementation\nOperational Effectiveness and Efficiency\nData and Information Management","Catergories":"System Integration\nCompliance Management\nData Governance","Sub Catergories":"Middleware, API gateways, data transformation services.\nWorkflow enforcement tools, automated compliance monitoring, reporting dashboards.\nData cataloging, metadata management, master data management systems.","Extracts":"The Sustainable Infrastructure program includes three parts: setting up infrastructure, establishing technical standards, and ensuring uniform data standards across systems in NSW."}]